timestamp,immersion,vitesse_LA,MB102T,MB103T,MB105T,temp_huile_local,niveau,MN105T,MN106T,MN108T,MJ186T,MJ108T,MJ110T,temp_eau_de_mer
1515164400,93,163,29,25,22,23,392,29,22,28,25,23,23,15
1515168000,177,126,29,24,28,24,449,30,28,26,26,30,22,25
1515171600,83,57,20,21,29,21,126,28,23,21,25,28,23,16
1515175200,22,184,24,26,27,22,492,30,28,24,21,29,26,19
1515178800,58,104,29,21,23,30,264,21,26,22,21,24,25,14
1515182400,139,66,29,24,21,20,465,25,29,22,27,24,21,15
1515186000,166,76,29,28,26,21,200,27,24,21,29,25,25,18
1515189600,123,155,29,29,26,28,187,20,21,30,29,21,25,24
1515193200,63,108,23,28,27,21,451,29,30,22,28,25,30,19
1515196800,131,82,29,30,21,20,349,23,20,22,24,24,24,13
1515200400,148,113,23,27,22,23,401,24,30,30,30,20,24,16
1515204000,137,32,21,28,30,21,102,29,27,26,25,29,28,24
1515207600,3,145,27,23,26,27,226,25,25,27,30,29,20,11
1515211200,95,76,26,24,27,26,355,25,20,22,25,22,20,25
1515214800,122,166,22,29,27,24,297,20,29,21,26,26,22,16
1515218400,177,111,29,25,28,20,142,23,27,27,21,27,25,22
1515222000,171,67,23,22,24,25,232,24,30,28,23,25,21,25
1515225600,44,19,30,23,23,22,453,29,22,29,29,30,29,23
1515229200,84,127,27,28,24,28,262,20,24,28,27,29,28,17
1515232800,154,32,21,28,23,21,467,22,28,25,24,24,26,13
1515236400,192,192,24,28,28,26,101,24,28,20,21,20,24,25
1515240000,169,143,30,30,27,20,402,26,26,21,29,25,25,17
1515243600,104,10,25,23,25,27,165,29,20,30,22,24,28,25
1515247200,140,131,30,23,29,30,296,28,22,28,30,30,28,12
1515250800,138,12,20,25,28,30,251,20,22,21,24,26,22,12
1515254400,149,184,30,22,24,23,371,20,21,23,23,25,29,15
1515258000,174,153,20,29,29,25,285,21,27,23,27,22,29,16
1515261600,0,112,20,20,23,20,287,29,27,28,26,30,22,22
1515265200,143,95,23,22,25,22,351,25,25,28,22,28,30,24
1515268800,192,16,24,24,25,22,402,30,27,20,24,28,20,17
1515272400,37,51,23,29,30,28,340,23,25,28,25,20,26,18
1515276000,11,13,21,27,24,26,344,28,23,22,28,30,25,16
1515279600,110,138,29,23,30,28,329,22,27,30,27,22,30,19
1515283200,175,3,25,21,24,30,455,21,29,29,22,28,21,18
1515286800,23,106,21,22,20,24,240,21,26,23,25,29,26,23
1515290400,10,194,20,27,26,25,436,22,26,25,26,28,20,24
1515294000,176,197,25,26,23,24,342,25,26,26,29,30,30,14
1515297600,5,150,21,20,25,22,308,26,22,25,26,30,24,22
1515301200,80,72,30,25,26,27,233,27,20,29,22,24,21,13
1515304800,179,44,20,24,20,20,149,26,30,30,30,22,24,22
1515308400,99,42,26,22,23,24,425,28,25,26,29,28,25,11
1515312000,17,18,23,24,24,27,294,21,21,22,26,30,26,22
1515315600,10,10,29,26,27,26,153,20,20,30,20,28,20,20
1515319200,150,139,28,22,28,30,491,28,24,20,26,26,23,10
1515322800,44,87,25,28,22,30,268,23,23,28,22,23,21,16
1515326400,13,147,30,28,26,30,473,20,21,21,26,22,26,10
1515330000,90,146,27,22,21,29,256,21,20,30,25,21,24,12
1515333600,82,131,27,27,20,20,193,25,23,23,20,21,27,21
1515337200,114,10,21,28,30,25,488,29,29,22,23,26,22,10
1515340800,87,148,28,30,27,21,271,28,22,30,27,24,22,17
1515344400,186,197,28,30,27,25,325,30,22,29,24,29,26,12
1515348000,56,197,20,20,28,23,330,26,24,27,28,25,28,13
1515351600,164,189,22,26,22,23,194,23,20,23,23,26,29,14
1515355200,98,57,20,23,29,29,386,27,26,29,27,26,30,13
1515358800,154,120,20,20,26,20,163,28,25,29,21,25,28,22
1515362400,32,97,30,28,29,24,448,25,23,20,27,26,30,18
1515366000,129,5,23,24,22,20,438,26,21,20,21,20,29,23
1515369600,36,129,28,25,28,27,443,28,23,22,29,26,22,16
1515373200,0,178,20,29,20,26,438,25,25,25,30,29,27,16
1515376800,5,76,28,25,24,26,171,26,20,21,24,22,26,22
1515380400,64,62,29,22,28,25,283,29,29,25,23,29,26,19
1515384000,196,27,23,26,26,30,449,24,24,26,27,28,27,15
1515387600,37,106,24,28,22,28,425,26,30,29,30,24,22,13
1515391200,12,107,21,28,30,24,105,25,25,26,28,27,23,25
1515394800,17,120,30,29,20,29,447,25,24,24,29,20,21,19
1515398400,98,8,30,21,23,26,428,27,27,21,27,26,29,12
1515402000,143,81,30,28,27,22,106,27,22,23,27,20,20,18
1515405600,20,143,28,26,24,24,474,29,30,20,27,26,29,16
1515409200,1,104,25,24,21,27,346,23,25,24,21,21,21,11
1515412800,155,128,24,28,26,20,423,26,28,29,21,24,25,10
1515416400,58,148,24,27,24,24,251,26,24,24,29,26,25,23
1515420000,89,27,29,20,27,26,169,29,25,20,25,23,26,16
1515423600,30,153,23,26,22,26,415,28,23,29,24,23,27,13
1515427200,25,65,30,23,22,27,198,26,20,21,23,30,27,16
1515430800,15,121,29,27,28,26,133,29,26,30,22,21,23,20
1515434400,104,60,22,24,25,28,195,27,24,25,20,28,20,19
1515438000,120,85,28,27,25,27,353,22,30,21,29,22,24,21
1515441600,194,104,26,26,21,23,226,29,26,29,22,27,20,12
1515445200,178,1,27,28,22,24,380,20,26,27,26,27,30,16
1515448800,6,186,28,28,26,27,341,23,25,22,25,26,24,11
1515452400,157,7,24,20,29,26,168,22,25,25,28,21,22,23
1515456000,30,11,27,23,23,20,488,25,30,27,26,23,30,11
1515459600,47,142,28,21,29,23,102,24,24,24,22,27,27,20
1515463200,45,192,22,22,21,29,391,26,25,20,21,30,26,20
1515466800,156,154,29,26,22,23,424,26,22,24,28,27,23,17
1515470400,175,170,22,25,27,27,443,30,28,22,25,25,23,25
1515474000,1,14,30,20,28,22,211,29,30,29,26,28,28,17
1515477600,136,189,24,20,25,20,138,20,25,20,30,29,22,14
1515481200,127,34,24,21,24,30,156,21,22,27,25,24,25,24
1515484800,112,81,29,30,27,30,177,29,24,30,30,20,24,10
1515488400,42,98,24,23,30,29,240,28,26,30,23,25,22,13
1515492000,50,147,27,25,22,26,489,24,24,28,24,25,28,15
1515495601,88,154,22,30,24,27,360,29,30,28,26,26,29,16
1515499201,18,83,21,25,28,20,443,29,22,25,30,20,22,24
1515502802,4,72,30,24,28,30,104,23,29,26,29,20,24,20
1515506402,38,133,22,29,23,21,405,21,23,25,28,24,27,11
1515510003,170,122,27,23,20,24,382,29,25,30,20,25,30,19
1515513603,39,94,27,20,21,28,120,21,21,20,21,23,26,20
1515517204,118,34,27,28,28,22,450,23,29,28,27,27,29,21
1515520804,160,176,24,29,28,20,237,25,21,25,27,30,29,23
1515524405,161,126,26,29,27,27,481,24,30,29,25,27,20,17
1515528005,8,69,26,21,21,20,269,22,23,26,29,26,22,16
1515531606,162,15,22,21,26,30,491,22,23,30,24,25,26,14
1515535206,7,22,21,21,26,25,468,24,21,30,27,26,27,13
1515538807,14,110,20,21,30,28,157,21,22,27,24,27,23,14
1515542407,98,40,28,25,21,29,268,21,23,26,20,28,26,19
1515546008,24,84,26,20,30,25,288,29,23,20,28,21,29,11
1515549608,8,187,27,29,22,27,181,27,28,25,25,29,23,22
1515553209,43,93,22,28,22,20,292,23,26,26,30,22,30,25
1515556809,130,71,23,23,29,20,187,30,22,28,29,25,23,12
1515560410,105,89,26,27,23,26,296,28,20,27,25,29,21,19
1515564010,14,11,28,26,24,20,151,28,21,28,26,21,27,15
1515567611,92,26,20,22,25,22,304,29,30,30,27,26,27,15
1515571211,78,194,29,30,26,28,298,30,30,24,25,28,26,17
1515574812,77,128,24,20,27,25,459,27,27,22,25,28,27,20
1515578412,0,199,23,29,30,25,265,30,27,25,22,27,26,11
1515582013,93,150,23,21,27,24,110,25,23,23,26,28,28,14
1515585613,37,99,26,23,23,25,149,30,20,23,26,28,29,16
1515589214,159,196,20,20,24,28,217,23,21,28,26,27,23,12
1515592814,44,199,25,22,24,20,299,21,20,25,21,23,28,20
1515596415,192,145,26,25,25,23,488,20,22,27,30,24,28,10
1515600015,2,40,27,24,21,20,238,20,25,26,27,28,22,17
1515603616,132,133,30,30,28,27,262,25,22,24,29,21,24,22
1515607216,198,90,24,23,30,21,421,21,21,25,21,24,28,21
1515610817,104,86,28,28,24,21,159,24,28,22,22,28,22,17
1515614417,56,77,28,27,29,29,483,26,28,21,20,20,24,20
1515618018,200,147,24,30,27,30,470,30,26,28,27,28,29,24
1515621618,185,163,30,26,30,30,473,20,20,20,29,26,28,11
1515625219,126,79,21,25,28,21,355,22,28,21,24,20,29,13
1515628819,41,118,25,24,26,20,490,28,29,21,30,23,26,10
1515632420,31,139,29,20,22,26,275,26,26,21,28,20,28,25
1515636020,187,22,27,27,25,28,367,24,27,20,30,23,24,18
1515639621,7,176,25,23,30,24,325,30,25,22,24,20,29,24
1515643221,118,171,23,26,23,24,490,29,20,20,23,20,28,14
1515646822,114,158,30,22,27,22,434,20,25,20,25,28,22,24
1515650422,199,56,30,23,27,21,360,27,22,28,23,26,23,25
1515654023,44,45,28,20,24,21,363,27,23,24,26,30,30,25
1515657623,195,58,22,28,24,24,351,25,21,27,27,24,27,15
1515661224,195,85,29,24,20,30,148,27,21,23,25,20,30,19
1515664824,137,174,20,26,24,29,279,21,27,21,25,26,25,15
1515668425,110,186,22,27,24,25,226,24,26,29,28,20,26,18
1515672025,157,60,25,30,30,26,488,21,20,25,30,20,24,13
1515675626,71,88,22,28,29,21,201,21,23,29,29,29,21,20
1515679226,56,148,26,29,20,27,231,29,21,24,21,26,25,18
1515682827,20,57,30,22,26,22,348,24,24,20,21,20,30,23
1515686427,180,92,28,22,27,28,223,20,23,29,27,21,30,16
1515690028,192,50,21,22,29,27,474,21,29,29,30,23,23,12
1515693628,195,143,23,26,20,25,113,22,23,22,22,29,24,17
1515697229,28,102,29,26,24,26,209,29,23,30,22,26,27,20
1515700829,85,1,25,24,25,30,428,27,23,21,22,21,21,21
1515704430,106,161,25,20,29,28,115,30,23,28,27,28,30,14
1515715200,194,66,23,20,23,26,488,29,28,30,21,30,25,17
1515718800,163,79,23,20,27,27,417,26,30,27,23,22,23,16
1515722400,7,120,22,28,21,24,368,26,24,27,29,27,30,13
1515726000,110,57,20,21,27,28,494,21,26,20,22,24,24,25
1515729600,87,19,21,27,22,30,380,28,20,30,28,26,21,22
1515733200,177,29,20,24,21,28,430,27,23,28,24,24,26,18
1515736800,153,29,21,26,24,24,411,28,27,29,23,25,25,23
1516060800,196,161,28,25,24,25,129,29,27,26,24,29,26,13
1516064400,81,18,28,20,22,28,487,25,24,28,23,27,23,11
1516068000,58,38,25,28,29,23,160,29,20,28,28,29,22,10
1516071600,64,137,21,30,27,23,414,25,27,27,26,30,28,24
1516075200,15,5,21,29,25,24,479,26,30,24,22,20,24,15
1516078800,5,124,23,20,22,30,495,25,23,24,24,25,26,18
1516082400,171,188,23,24,22,24,462,22,26,22,27,25,29,15
1516086000,116,91,25,21,30,29,377,30,24,27,26,27,28,17
1516089600,89,5,23,26,26,23,386,26,29,25,24,27,23,21
1516093200,100,167,27,20,22,25,107,23,25,21,24,29,28,10
1516096800,74,188,26,21,26,29,470,23,24,22,26,20,20,17
1516100400,144,76,20,23,28,25,410,23,29,24,28,25,20,22
1516104000,149,173,30,20,21,29,337,24,22,22,27,26,24,16
1516107600,8,167,28,22,21,30,419,22,27,30,20,23,20,25
1516111200,46,2,24,22,22,23,470,30,21,21,30,26,30,12
1516114800,184,20,21,20,23,30,131,30,29,27,25,22,28,17
1516118400,76,191,23,21,25,25,215,28,25,28,30,26,30,24
1516122000,184,84,27,30,20,23,365,28,22,22,24,23,28,21
1516125600,115,8,30,24,29,24,346,27,28,20,30,20,28,19
1516129200,168,150,28,22,27,20,148,29,21,20,28,21,27,13
1516132800,10,86,22,26,22,28,269,22,21,22,23,25,30,18
1516136400,7,122,20,24,27,28,204,27,20,20,28,27,20,18
1516140000,74,152,24,30,26,30,272,23,20,23,26,21,24,22
1516143600,126,64,23,27,29,28,355,20,30,30,28,22,26,17
1516147200,2,184,22,24,28,20,428,26,22,24,20,22,21,17
1516150800,157,147,26,21,28,20,374,29,25,23,21,25,30,25
1516154400,81,70,24,29,29,26,303,22,21,22,23,21,21,23
1516158000,47,39,23,30,20,23,455,27,20,30,29,27,24,22
1516161600,187,17,26,28,24,21,438,30,30,20,24,24,22,17
1516165200,183,76,26,25,30,27,296,20,23,28,30,25,29,20
1516168800,111,145,22,30,22,24,294,21,28,25,27,23,29,17
1516172400,100,43,30,27,30,20,290,27,23,29,26,27,20,15
1516176000,107,57,30,26,22,23,364,24,21,25,21,22,23,20
1516179600,13,90,28,24,26,26,283,21,24,26,30,20,26,13
1516183200,15,186,21,25,30,30,223,20,22,22,23,22,21,14
1516186800,30,60,22,21,28,29,324,26,29,27,29,20,28,21
1516190400,31,196,23,27,21,23,205,25,25,30,21,22,26,22
1516194000,32,99,24,28,25,28,380,28,25,27,26,28,21,16
1516197600,184,193,27,30,25,29,112,21,27,23,28,26,27,20
1516201200,25,155,24,21,30,28,106,20,20,24,21,21,25,24
1516204800,36,167,30,27,22,23,346,24,30,21,24,22,23,14
1516208400,86,99,29,27,27,29,481,23,26,26,23,27,28,20
1516212000,62,130,29,28,28,29,388,21,22,23,21,21,21,25
1516215600,83,85,30,26,22,20,428,27,27,28,22,30,25,17
1516219200,17,42,22,20,30,26,292,24,27,30,27,30,21,15
1516222800,49,62,23,29,25,22,415,26,28,24,28,27,20,20
1516226400,17,31,23,28,26,28,481,26,28,28,26,22,27,24
1516230000,142,125,21,20,22,28,199,23,25,21,23,28,27,18
1516233600,152,182,23,26,24,24,210,22,23,23,30,27,25,10
1516237200,170,168,27,26,22,22,452,20,20,20,25,30,26,23
1516240800,126,117,26,26,28,21,258,21,22,28,26,29,21,14
1516244400,7,34,27,25,21,20,435,27,23,21,26,23,21,13
1516248000,129,48,29,22,30,30,278,25,23,22,22,28,22,25
1516251600,65,158,25,23,27,28,436,27,25,29,24,27,22,19
1516255200,168,51,28,27,21,24,243,28,25,24,21,20,22,10
1516258800,33,58,24,27,24,26,272,27,23,29,25,30,24,15
1516262400,44,156,24,24,25,24,212,25,23,30,26,28,26,16
1516266000,134,99,25,22,21,25,468,28,22,25,25,25,24,21
1516269600,16,64,26,20,27,25,127,29,24,23,29,26,30,22
1516273200,102,71,28,27,22,27,487,29,23,21,27,28,26,15
1516276800,133,148,25,23,24,29,135,28,24,24,21,20,25,25
1516280400,67,24,22,20,25,27,368,27,27,27,20,20,22,15
1516284000,33,164,30,24,30,28,492,20,22,25,27,29,20,19
1516287600,59,117,22,21,22,25,294,21,29,29,24,20,23,22
1516291200,51,36,30,28,20,25,338,25,20,29,22,26,27,14
1516294800,7,152,30,27,22,29,312,20,23,21,26,20,21,24
1516298400,95,189,26,22,28,25,441,24,22,20,21,25,20,11
1516302000,64,51,24,30,24,27,297,22,21,28,27,27,30,13
1516305601,146,4,29,29,22,26,170,23,29,28,27,20,21,24
1516309201,4,141,20,25,26,30,440,25,26,27,25,26,24,23
1516312801,0,7,21,24,23,26,279,27,23,23,23,20,25,21
1516316401,197,161,28,29,20,24,411,24,27,27,27,25,25,10
1516320001,176,114,26,27,25,30,228,30,25,25,25,29,27,18
1516323602,60,66,22,24,30,30,248,26,29,23,23,24,25,11
1516327202,25,34,28,24,22,24,408,24,26,24,20,23,30,25
1516330802,49,157,26,28,21,30,408,29,26,29,25,25,29,16
1516334402,181,166,20,23,23,27,374,27,27,23,26,20,23,20
1516338002,185,129,29,23,26,28,259,27,27,21,21,28,20,23
1516341603,108,40,20,24,26,25,380,25,23,29,24,29,28,22
1516345203,98,128,24,24,21,22,288,29,25,26,28,29,21,14
1516348803,147,175,23,27,29,26,409,29,22,29,26,28,23,11
1516352403,14,40,28,23,27,27,385,23,29,28,26,22,21,14
1516356003,9,46,24,25,24,24,201,29,26,25,28,27,21,19
1516359604,129,196,25,28,28,26,230,29,28,20,20,22,26,10
1516363204,43,60,29,21,29,21,208,26,26,29,28,24,30,15
1516366804,95,93,28,22,23,23,159,28,22,25,22,29,27,23
1516370404,174,143,24,27,28,25,279,21,21,30,20,27,22,10
1516374004,127,160,30,28,29,29,216,24,27,22,30,23,29,14
1516377605,191,9,24,27,22,23,290,30,27,24,21,20,24,15
1516381205,158,10,30,20,25,28,321,28,22,24,29,24,23,23
1516384805,20,80,27,21,29,24,312,21,30,20,23,27,28,16
1516388405,171,25,24,24,25,29,231,23,22,23,21,28,21,22
1516392000,15,103,25,20,22,28,491,22,23,24,24,29,26,15
1516395600,45,186,24,29,25,29,373,29,20,21,26,24,21,11
1516399200,152,111,24,20,20,26,252,28,21,25,27,27,21,24
1516402800,76,3,23,28,21,29,396,24,29,20,26,30,23,16
1516406400,116,140,26,27,20,26,211,20,27,28,27,27,23,11
1516410000,33,47,22,21,28,25,336,28,22,28,28,26,26,18
1516413600,65,103,27,22,21,26,107,22,26,23,28,22,21,24
1516417200,39,50,30,29,27,21,171,20,28,22,21,28,28,10
1516420800,84,5,22,20,23,21,303,25,24,21,24,26,28,22
1516424400,114,114,20,20,22,25,467,21,30,25,20,29,30,21
1516428000,21,200,26,20,27,25,159,27,30,25,26,30,25,17
1516431600,10,64,25,28,26,30,247,25,29,22,29,20,22,13
1516435200,50,26,28,23,27,25,184,20,28,20,21,25,25,11
1516438800,34,122,23,27,29,26,348,26,25,26,20,22,25,22
1516442400,194,178,24,21,24,24,427,23,24,24,28,23,25,16
1516446000,35,168,29,20,30,22,195,26,20,28,25,23,27,20
1516449600,92,81,30,30,23,27,142,25,24,27,27,22,28,10
1516453200,66,150,25,22,21,24,363,25,28,26,30,27,26,11
1516456800,14,140,23,30,23,20,313,20,20,21,23,22,22,25
1516460400,23,106,29,29,27,30,371,25,29,24,25,23,28,14
1516464000,170,42,28,30,25,23,340,28,23,26,27,24,22,21
1516467600,54,153,28,24,25,20,365,27,29,25,29,20,29,25
1516471200,66,105,20,23,22,22,161,21,23,21,24,25,27,20
1516474800,128,11,22,24,25,29,367,25,27,30,25,26,26,25
1516478400,13,72,20,30,21,24,410,27,30,23,23,27,24,20
1516482000,141,90,24,25,22,30,317,20,20,29,23,21,29,20
1516485600,175,180,23,22,27,25,398,21,30,28,23,28,21,25
1516489200,24,22,21,30,28,28,332,25,29,21,28,25,25,25
1516492800,186,173,30,20,21,30,118,29,20,29,30,28,24,15
1516496400,115,28,29,25,27,28,151,21,26,28,22,20,21,24
1516500000,163,192,26,25,25,30,235,28,30,22,24,20,21,22
1516503600,128,153,30,22,23,29,441,28,30,27,29,26,30,18
1516507200,28,34,22,25,30,20,233,21,24,30,24,29,22,15
1516510800,17,187,21,29,22,21,306,27,20,23,22,30,28,17
1516514400,135,29,24,30,29,25,328,24,23,30,30,22,21,15
1516518000,20,148,26,21,24,26,135,24,21,24,26,21,22,12
1516521600,47,159,24,29,29,23,334,21,27,22,21,29,30,13
1516525200,72,13,25,29,25,25,459,28,22,24,29,24,23,17
1516528800,183,137,20,23,27,28,384,25,24,27,20,23,24,12
1516532400,94,150,30,30,23,26,197,22,26,20,24,30,20,23
1516536000,49,48,21,22,26,27,407,27,24,21,23,29,25,20
1516539600,159,185,30,24,27,22,183,25,27,22,25,28,25,17
1516543200,81,49,29,20,29,22,381,28,26,24,28,23,22,11
1516546800,49,73,30,28,30,26,375,25,21,27,21,21,24,22
1516550400,118,59,20,24,25,25,473,20,20,21,23,30,30,19
1516554000,160,101,28,25,20,22,284,25,25,21,21,27,23,20
1516557600,31,136,27,24,20,28,221,30,25,21,23,28,25,19
1516561200,71,168,22,30,27,21,272,20,21,29,27,23,23,22
1516564800,181,149,21,24,30,21,407,22,24,27,24,22,27,10
1516568400,72,36,25,28,21,25,172,29,24,24,20,30,21,18
1516572000,36,162,24,27,24,23,450,22,23,28,27,23,26,17
1516575600,92,87,24,25,26,27,336,22,26,30,29,28,24,19
1516579200,10,41,28,28,20,29,472,25,25,21,29,25,25,22
1516582800,172,7,20,25,20,30,468,29,25,29,21,25,20,14
1516586400,96,67,30,23,20,21,374,27,29,24,28,25,25,12
1516590000,164,172,21,30,22,24,464,23,23,23,29,25,24,12
1516593600,45,128,30,27,23,26,300,21,21,26,21,27,24,16
1516597200,15,45,24,28,27,29,486,21,27,27,24,26,23,16
1516600800,35,139,27,22,26,22,340,23,23,24,28,29,29,11
1516604400,15,3,26,28,21,28,107,29,27,21,20,21,22,19
1516608000,58,137,30,20,28,27,107,23,26,20,26,20,30,14
1516611600,22,89,26,30,26,25,283,27,27,25,24,26,22,15
1516615200,178,112,26,23,25,30,211,22,23,28,23,24,25,18
1516618800,41,67,25,22,20,26,341,20,23,20,20,25,26,21
1516622400,22,107,24,24,20,26,476,22,22,27,27,20,23,15
1516626000,145,39,25,20,29,24,101,25,21,23,26,30,24,12
1516629600,9,164,21,24,23,25,207,24,23,25,23,25,27,19
1516633200,143,7,21,26,27,22,425,22,24,30,23,22,20,25
1516636800,10,155,27,30,28,24,345,29,29,30,26,26,28,16
1516640400,183,129,29,30,24,23,133,23,23,28,23,28,30,20
1516644000,141,64,29,25,23,26,126,20,30,22,29,25,23,19
1516647600,89,2,26,20,24,22,488,24,21,23,22,28,23,21
1516651200,95,171,27,30,25,23,272,25,28,26,27,30,29,19
1516654800,167,185,25,29,26,21,333,30,23,27,29,26,25,21
1516658400,108,6,26,27,22,27,396,23,22,27,28,21,24,19
1516662000,118,179,25,22,26,20,141,29,28,21,25,28,20,15
1516665600,151,132,24,25,22,22,435,24,21,25,24,21,29,13
1516669200,72,156,26,23,25,26,442,23,25,25,21,21,26,17
1516672800,136,42,24,24,26,23,260,23,23,20,22,28,27,23
1516676400,137,83,30,21,20,27,375,27,24,28,22,23,27,11
1516680000,77,76,21,29,23,24,125,21,26,25,22,25,25,22
1516683600,180,72,22,23,23,30,336,26,24,28,25,30,26,16
1516687200,163,77,27,24,26,21,269,27,28,21,22,20,26,20
1516690800,49,153,21,22,22,26,270,29,22,28,29,27,20,13
1516694400,62,31,26,24,27,30,436,30,20,27,27,24,27,12
1516698000,164,76,26,26,22,29,227,21,30,23,22,26,23,16
1516701600,7,200,23,23,26,28,488,30,21,21,20,22,21,10
1516705200,121,33,23,24,28,21,314,25,26,21,25,23,26,14
1516708800,51,75,28,21,24,22,430,29,22,30,28,24,30,23
1516712400,150,16,27,25,27,21,220,26,23,25,28,22,28,15
1516716000,101,114,21,27,28,21,399,24,21,30,27,20,23,20
1516719600,73,101,26,21,21,24,172,21,20,25,24,23,29,22
1516723200,126,169,30,29,21,24,403,30,27,23,29,28,28,13
1516726800,28,63,30,25,28,26,401,20,21,26,21,28,29,20
1516730400,177,161,22,24,30,24,161,27,28,22,25,30,24,15
1516734000,13,42,20,30,29,24,354,21,30,29,23,20,22,16
1516737600,31,190,28,24,30,28,294,23,20,26,21,29,28,23
1516741200,133,148,30,23,26,22,335,21,30,30,27,24,26,14
1516744800,101,81,30,24,23,21,327,30,28,23,20,27,30,15
1516748400,47,12,24,28,23,20,187,24,23,20,26,21,27,25
1516752000,132,148,20,25,26,20,368,20,29,23,26,21,22,20
1516755600,39,93,26,30,25,29,130,26,20,23,25,29,30,20
1516759200,176,197,20,30,20,24,189,26,22,23,27,20,25,10
1516762800,194,40,21,25,26,27,282,27,20,30,22,27,21,14
1516766400,57,106,22,30,26,21,226,28,26,30,24,26,22,20
1516770000,146,37,23,26,26,20,495,25,30,21,25,24,20,16
1516773600,60,67,26,22,20,30,305,25,26,29,20,25,28,17
1516777200,93,126,27,29,20,30,381,20,25,24,24,25,22,12
1516780800,160,84,20,28,26,24,222,21,29,20,22,26,25,22
1516784400,104,58,20,20,27,24,136,20,27,21,20,23,29,11
1516788000,191,105,30,29,29,30,297,20,27,26,30,21,30,14
1516791600,39,63,29,28,24,29,222,20,23,30,24,28,30,18
1516795200,192,185,28,30,29,20,333,29,20,24,29,22,24,23
1516798800,78,44,29,24,21,27,304,24,27,21,29,28,27,17
1516802400,85,142,23,26,29,30,366,25,28,26,29,26,24,11
1516806000,130,182,20,27,20,22,445,20,27,29,21,22,21,12
1516809600,176,61,25,27,25,22,208,24,21,30,29,24,28,14
1516813200,195,8,22,29,21,22,210,22,22,21,22,21,26,25
1516816800,109,23,20,29,30,23,239,27,24,24,30,21,30,25
1516820400,155,81,23,27,27,23,252,26,28,21,28,27,20,22
1516824000,35,83,23,21,28,23,141,27,20,27,20,25,29,22
1516827600,1,189,26,22,25,20,387,21,20,26,25,25,21,22
1516831200,88,157,29,27,30,25,179,22,26,22,26,27,22,18
1516834800,14,49,23,25,26,29,124,26,20,24,22,26,25,25
1516838400,8,171,24,22,29,30,247,29,29,24,23,26,20,14
1516842000,77,69,24,30,22,22,295,29,25,26,27,25,23,23
1516845600,51,181,24,27,20,30,267,21,27,26,24,26,24,23
1516849200,127,3,23,20,24,23,493,22,28,21,26,23,28,13
1516852800,188,130,30,26,21,26,109,23,29,24,28,29,25,25
1516856400,15,175,28,23,25,28,250,24,24,30,24,24,26,10
1516860000,12,143,22,29,24,21,304,24,29,21,22,22,21,25
1516863600,140,101,27,26,21,28,357,20,27,25,27,25,27,24
1516867200,59,82,29,25,26,23,449,20,30,21,30,24,29,10
1516870800,192,163,25,26,27,28,347,30,22,29,22,30,28,19
1516874400,129,187,26,28,22,21,210,21,21,26,21,23,23,23
1516878000,63,196,23,27,21,29,220,22,28,28,30,25,23,24
1516881600,6,184,23,24,24,21,310,21,22,27,29,20,20,23
1516885200,87,189,29,30,24,24,105,23,22,30,28,20,22,24
1516888800,185,81,30,30,27,28,358,26,24,26,20,29,25,15
1516892400,166,144,21,20,24,20,453,22,28,20,30,22,22,22
1516896000,89,158,28,28,29,26,285,25,28,23,25,26,24,18
1516899600,16,16,25,26,21,27,243,23,20,29,27,30,28,25
1516903200,94,87,27,20,29,25,324,30,21,24,29,25,21,20
1516906800,198,79,24,30,29,23,482,23,29,20,21,26,21,10
1516910400,7,70,29,21,24,26,129,28,22,25,21,24,27,17
1516914000,27,90,25,25,28,30,118,22,22,22,20,29,25,21
1516917600,121,128,22,27,20,30,454,21,22,21,24,22,29,14
1516921200,190,145,23,22,21,30,434,25,29,28,30,28,21,24
1516924800,17,35,30,24,28,30,398,20,26,24,30,25,28,23
1516928400,145,194,27,23,29,21,142,25,23,23,22,30,28,14
1516932000,1,73,30,27,24,24,263,24,30,27,30,24,26,10
1516935600,109,129,25,23,21,21,127,23,30,30,22,26,23,23
1516939200,113,141,23,28,27,27,153,24,25,25,25,23,27,14
1516942800,58,143,27,21,25,20,388,20,28,22,21,23,28,14
1516946400,64,147,26,26,27,24,185,22,20,28,29,23,23,18
1516950000,103,93,25,21,23,26,178,28,22,28,20,25,24,11
1516953600,101,84,24,22,26,20,368,23,23,22,29,21,23,18
1516957200,25,138,21,24,26,22,451,24,25,22,30,28,24,25
1516960800,193,146,22,20,28,29,227,23,23,24,23,26,21,10
1516964400,123,152,21,27,23,21,438,30,21,20,30,27,27,23
1516968000,155,110,23,22,21,25,157,21,26,29,22,27,26,16
1516971600,10,103,30,23,26,20,228,22,29,26,28,20,20,12
1516975200,67,146,25,30,27,28,359,30,27,26,22,26,22,15
1516978800,51,69,24,20,21,21,188,29,28,27,21,25,27,12
1516982400,107,68,21,28,28,30,490,21,21,22,30,30,27,12
1516986000,158,124,21,25,20,27,256,22,30,21,29,23,28,22
1516989600,66,188,27,26,22,27,327,22,30,23,22,21,24,25
1516993200,127,178,21,29,24,21,298,20,20,23,28,21,25,20
1516996800,190,103,20,27,22,24,199,25,25,30,21,25,22,17
1517000400,61,89,29,23,25,29,294,27,20,27,28,30,22,14
1517004000,156,69,26,28,30,22,136,26,29,30,25,24,26,10
1517007600,143,184,21,29,27,30,319,28,20,26,24,22,23,18
1517011200,102,142,24,27,30,20,147,24,27,29,29,25,28,24
1517014800,1,108,20,25,21,27,354,30,27,25,26,22,30,25
1517018400,191,183,29,20,20,28,299,28,20,26,24,22,26,10
1517022000,78,145,21,29,25,23,166,28,21,29,23,22,22,18
1517025600,5,176,23,27,28,26,484,24,20,29,25,23,22,16
1517029200,185,23,28,23,22,27,168,20,22,23,28,29,22,17
1517032800,90,37,27,21,20,28,182,25,22,20,21,25,21,14
1517036400,52,106,26,25,23,25,295,27,25,29,20,23,23,14
1517040000,120,169,30,22,24,24,371,29,25,27,30,30,24,25
1517043600,180,153,20,22,24,22,157,24,22,29,22,24,23,23
1517047200,44,46,25,24,22,28,257,28,27,28,29,25,30,22
1517050800,156,26,25,30,25,30,150,28,29,23,29,26,21,20
1517054400,66,30,20,27,22,30,328,26,23,22,25,28,22,24
1517058000,28,59,27,27,30,23,221,28,21,24,30,30,26,20
1517061600,12,92,23,21,26,22,186,24,29,24,24,23,24,14
1517065200,16,135,23,23,28,26,185,30,28,26,30,24,24,16
1517068800,171,150,29,23,20,29,195,22,24,26,23,25,25,13
1517072400,132,107,23,23,27,24,321,26,25,24,20,21,29,17
1517076000,74,64,22,22,28,27,488,27,29,23,28,23,27,19
1517079600,105,35,22,23,30,27,457,22,22,29,21,24,23,10
1517083200,159,54,28,28,28,29,278,27,21,25,23,26,28,21
1517086800,144,88,21,25,23,30,499,21,21,20,26,28,30,13
1517090400,147,53,28,25,22,24,274,26,24,28,25,25,25,19
1517094000,120,51,29,30,20,23,245,23,28,27,26,26,27,18
1517097600,2,107,30,28,24,20,331,22,26,20,30,27,24,19
1517101200,162,28,22,23,27,20,300,21,29,22,30,29,26,19
1517104800,98,40,21,30,25,22,169,23,23,24,20,27,29,17
1517108400,114,49,23,21,25,23,454,20,24,26,28,30,24,24
1517112000,102,167,23,23,24,30,430,24,30,26,28,22,24,12
1517115600,142,177,21,21,20,20,131,27,21,23,24,30,26,14
1517119200,127,45,30,21,27,26,307,27,24,20,21,21,22,16
1517122800,155,142,27,26,27,29,458,20,20,27,22,30,21,19
1517126400,197,158,28,22,28,21,325,24,28,22,26,26,25,22
1517130000,83,89,24,26,23,26,270,22,26,26,29,21,23,17
1517133600,76,118,24,29,23,25,284,29,25,29,24,21,25,10
1517137200,51,107,28,22,22,27,197,23,30,26,24,20,24,17
1517140800,167,124,23,24,27,21,273,26,20,20,29,20,27,11
1517144400,32,3,25,29,21,20,480,25,27,20,22,27,29,13
1517148000,193,121,29,23,25,22,163,24,25,29,20,29,30,20
1517151600,146,25,24,22,26,20,164,28,30,25,25,23,29,22
1517155200,37,88,25,28,30,21,420,21,23,30,27,23,29,18
1517158800,28,163,30,28,27,21,199,29,29,30,29,22,24,11
1517162400,180,30,28,26,21,21,281,27,23,21,28,20,26,17
1517166000,72,144,24,30,23,26,320,21,23,28,21,27,24,21
1517169600,171,142,30,26,26,23,226,28,27,30,25,29,30,25
1517173200,197,63,28,28,23,28,270,27,21,20,23,22,27,15
1517176800,47,185,25,27,28,30,473,30,21,23,20,28,20,22
1517180400,31,74,27,21,28,28,158,27,24,29,27,25,22,23
1517184000,160,10,24,24,30,22,347,28,29,30,22,25,30,23
1517187600,130,40,26,27,24,20,120,23,24,30,22,20,26,19
1517191200,43,47,24,28,30,30,165,21,24,30,29,23,26,18
1517194800,99,10,24,29,28,27,194,27,26,24,22,27,24,19
1517198400,109,157,20,21,30,28,325,27,24,23,30,23,21,14
1517202000,28,200,25,21,22,23,269,21,25,26,29,24,24,10
1517205600,140,115,24,28,29,29,445,29,26,29,24,30,29,15
1517209200,38,141,21,21,29,29,396,25,24,27,26,25,28,18
1517212800,76,28,25,23,28,21,312,22,27,26,24,24,22,15
1517216400,126,33,21,29,27,28,151,24,30,23,25,26,26,13
1517220000,90,125,25,26,22,20,253,25,23,21,23,25,21,18
1517223600,13,110,23,25,29,22,311,21,27,22,24,20,24,12
1517227200,68,45,21,25,28,30,281,24,28,23,21,24,24,22
1517230800,34,79,21,27,29,25,312,25,23,25,23,24,26,24
1517234400,131,105,21,24,25,26,200,30,23,23,29,27,26,11
1517238000,61,90,24,21,26,23,289,25,28,25,23,29,22,19
1517241600,58,115,28,25,26,30,416,30,29,25,25,24,29,25
1517245200,184,65,28,23,28,22,411,25,28,20,24,27,30,14
1517248800,10,115,21,28,29,21,420,26,25,30,21,27,24,10
1517252400,164,188,23,30,20,28,394,24,21,29,24,21,27,21
1517256000,46,192,26,27,21,24,456,29,21,27,26,29,25,20
1517259600,36,133,30,28,27,21,340,20,22,22,29,30,21,15
1517263200,105,109,24,27,27,21,343,29,26,23,27,24,21,25
1517266800,191,66,26,30,24,22,148,27,30,28,28,26,23,20
1517270400,155,198,22,21,25,28,123,20,25,24,24,29,22,25
1517274000,83,22,30,27,21,24,271,26,28,23,25,24,30,22
1517277600,145,121,23,26,27,29,441,21,20,28,30,21,23,15
1517281200,143,135,28,27,20,20,142,26,21,26,30,22,30,13
1517284800,103,52,26,23,25,21,432,21,25,22,30,30,24,20
1517288400,4,14,28,23,21,28,161,27,26,29,29,21,27,13
1517292000,144,138,22,20,27,29,178,22,25,22,25,29,27,23
1517295600,139,29,28,28,30,20,405,20,25,21,22,23,30,17
1517299200,51,95,28,26,23,24,281,28,28,24,29,29,21,22
1517302800,103,147,21,26,30,23,215,28,26,23,21,26,26,17
1517306400,61,81,28,24,20,29,422,27,26,22,29,23,27,18
1517310000,138,191,25,24,30,21,294,30,26,24,25,25,29,16
1517313600,161,108,30,26,22,26,224,30,28,21,26,22,20,10
1517317200,192,11,26,27,29,25,466,21,25,20,24,23,30,11
1517320800,115,27,28,26,26,29,427,27,27,24,26,23,30,18
1517324400,85,106,25,22,23,26,481,20,25,21,22,20,20,25
1517328000,161,7,29,25,21,30,353,26,28,25,23,26,26,19
1517331600,179,51,29,25,21,27,179,26,30,21,23,26,20,17
1517335200,52,76,27,22,23,29,229,26,20,29,30,24,22,22
1517338800,145,125,21,27,21,28,491,27,22,23,27,23,22,17
1517342400,140,23,24,28,22,30,260,22,29,22,26,21,26,13
1517346000,117,60,25,25,20,24,314,28,27,21,21,26,23,16
1517349600,171,2,20,27,27,24,364,27,24,24,28,24,28,20
1517353200,65,44,25,22,28,29,274,28,22,25,23,25,25,18
1517356800,32,83,21,28,26,29,326,23,22,23,30,25,26,17
1517360400,104,97,24,20,26,26,249,28,21,27,27,26,23,15
1517364000,12,37,26,24,30,24,475,27,22,22,28,28,26,18
1517367600,28,110,28,20,21,27,378,21,27,29,25,21,27,14
1517371200,75,127,29,24,22,29,475,25,30,24,20,29,28,21
1517374800,35,96,28,27,29,22,117,21,20,25,21,20,27,12
1517378400,150,180,30,26,25,25,153,25,25,26,29,29,23,24
1517382000,170,47,28,25,22,25,434,26,23,28,26,29,24,23
1517385600,147,103,20,24,28,29,419,26,23,23,29,29,22,13
1517389200,55,113,20,22,28,22,350,21,24,21,21,24,22,19
1517392800,130,169,25,21,29,22,285,26,20,25,20,20,25,17
1517396400,81,57,30,26,27,21,148,23,21,23,21,30,25,20
1517400000,52,140,23,20,22,25,123,30,29,24,26,24,30,20
1517403600,166,198,27,25,23,26,449,20,22,30,24,21,25,11
1517407200,192,159,30,25,22,29,249,25,22,21,26,20,23,24
1517410800,171,197,29,25,27,20,297,21,24,28,25,28,26,17
1517414400,109,155,29,28,21,25,475,22,24,20,20,24,30,11
1517418000,172,172,26,22,25,20,461,25,23,26,26,28,24,24
1517421600,34,91,27,22,23,22,191,24,24,23,20,24,28,22
1517425200,21,182,26,28,21,26,173,26,26,21,29,26,23,24
1517428800,48,186,27,26,27,25,206,30,23,20,22,29,23,10
1517432400,158,56,20,24,26,30,487,23,26,26,26,29,24,16
1517436000,76,46,28,24,30,24,427,30,28,26,25,26,29,18
1517439600,191,127,20,21,28,21,220,24,23,30,20,24,27,20
1517443200,103,191,27,29,26,27,263,27,26,22,23,30,23,21
1517446800,132,56,22,30,21,25,163,30,22,27,29,21,24,23
1517450400,161,127,24,24,21,30,234,23,20,24,21,28,22,12
1517454000,166,47,26,28,24,21,497,21,22,28,21,23,20,17
1517457600,122,111,25,25,20,20,289,28,23,22,30,24,25,10
1517461200,23,18,28,21,21,29,232,30,20,21,30,27,28,13
1517464800,173,192,26,29,30,28,471,29,23,27,26,29,22,14
1517468400,104,10,30,23,26,24,227,30,27,27,21,29,24,21
1517472000,142,119,27,30,24,30,493,30,20,22,25,25,22,21
1517475600,3,187,23,20,25,22,474,25,20,29,29,22,29,23
1517479200,154,193,26,21,20,24,281,23,24,22,21,27,25,15
1517482800,5,34,26,28,29,30,346,30,25,25,24,30,29,22
1517486400,132,4,23,30,28,26,136,25,22,26,25,24,20,18
1517490000,80,20,30,26,26,28,110,22,29,27,25,30,21,23
1517493600,55,72,23,30,22,23,414,23,21,24,20,28,28,19
1517497200,26,23,27,29,27,22,119,20,24,28,21,27,24,10
1517500800,155,14,24,29,25,26,473,28,20,26,27,27,25,19
1517504400,116,198,29,28,20,30,499,27,25,27,20,24,23,23
1517508000,171,167,25,26,30,22,334,20,21,29,23,29,27,13
1517511600,177,175,29,26,22,28,212,22,25,20,27,25,22,19
1517515200,151,144,20,20,30,22,140,29,24,29,24,22,30,16
1517518800,2,23,30,29,22,20,308,28,21,23,21,26,20,15
1517522400,180,5,24,21,28,20,466,29,25,24,27,29,20,20
1517526000,49,58,24,27,29,22,164,24,27,25,20,28,30,15
1517529600,77,94,25,25,21,22,219,25,20,30,30,29,23,11
1517536800,70,24,26,30,20,27,206,23,29,22,23,27,30,17
1517540400,129,186,27,24,30,30,228,25,24,20,20,24,29,17
1517544000,197,113,26,26,23,26,201,29,27,27,21,23,27,25
1517547600,166,146,23,27,20,30,461,26,23,28,26,24,24,13
1517551200,86,195,23,29,24,23,445,20,30,30,30,26,29,12
1517554800,175,55,28,26,28,29,360,28,28,21,21,25,24,20
1517558400,72,38,25,28,22,28,207,23,25,27,28,20,20,13
1517562000,88,39,30,25,26,22,434,30,30,28,22,30,24,16
1517565600,62,109,21,30,30,22,133,23,27,27,22,24,20,21
1517569200,75,140,20,23,29,27,446,28,20,29,25,25,21,15
1517572800,7,164,24,22,22,30,120,27,28,26,22,22,26,23
1517576400,23,157,24,30,26,27,453,28,29,27,28,20,24,16
1517580000,103,92,24,30,20,24,367,26,26,29,28,22,30,15
1517583600,98,181,20,20,20,27,420,29,26,26,20,22,27,23
1517587200,197,21,30,26,22,29,157,21,21,26,30,24,24,22
1517590800,103,19,21,30,22,22,500,24,28,22,20,26,27,25
1517594400,90,93,20,27,26,22,133,26,26,29,26,25,25,25
1517598000,105,173,25,25,24,24,307,27,25,27,23,29,20,18
1517601600,167,157,24,21,26,23,366,20,25,29,23,26,22,18
1517605200,134,37,29,22,20,23,230,21,24,21,25,22,22,21
1517608800,47,190,28,27,23,20,444,22,29,23,24,20,21,10
1517612400,139,25,20,23,22,25,436,28,28,29,30,26,23,23
1517616000,24,105,24,30,29,21,331,28,27,23,24,20,24,13
1517619600,114,104,28,28,29,24,111,23,25,25,23,22,21,24
1517623200,191,36,29,29,21,30,102,28,28,29,27,26,26,12
1517626800,59,43,26,26,24,30,498,23,20,30,23,24,24,23
1517630400,124,192,23,20,23,20,224,27,22,21,30,27,23,10
1517634000,109,174,22,27,21,28,107,20,20,28,23,20,25,24
1517637600,162,147,26,29,22,28,377,25,27,21,25,28,22,16
1517641200,168,80,30,21,27,29,305,29,24,23,26,27,22,19
1517644800,20,28,23,20,29,29,329,24,27,22,22,28,25,14
1517648400,60,30,27,28,23,25,458,30,24,24,23,24,30,18
1517652000,38,34,26,27,29,29,193,20,25,30,21,27,23,15
1517655600,99,12,30,27,26,28,208,20,29,24,24,28,26,14
1517659200,35,40,22,25,22,23,434,27,27,28,28,22,26,20
1517666400,179,134,20,26,21,20,455,27,22,30,28,23,26,24
1517670000,163,78,23,20,20,25,226,28,24,21,23,23,22,25
1517673600,8,103,27,23,27,20,401,24,22,25,26,25,26,18
1517677200,68,76,24,26,28,25,316,26,26,20,23,28,23,21
1517680800,62,67,22,30,21,25,263,27,29,30,20,23,28,15
1517684400,170,168,28,26,29,25,350,21,21,25,27,29,22,17
1517688000,86,79,24,30,29,27,475,22,24,23,23,21,24,11
1517691600,164,117,22,20,21,30,281,22,24,29,25,30,27,14
1517695200,49,151,27,23,25,22,275,30,20,29,28,22,24,11
1517706000,44,107,24,28,28,22,248,27,22,27,28,21,29,10
1517709600,29,118,29,24,25,30,305,28,25,29,25,28,29,14
1517713200,133,1,20,25,28,30,122,26,28,21,25,24,26,14
1517716800,35,50,24,24,22,30,392,30,20,28,20,29,23,21
1517720400,147,88,21,29,20,25,351,25,29,22,28,20,21,10
1517724000,116,143,23,24,26,30,249,30,22,26,25,26,20,25
1517727600,200,44,23,27,21,24,173,20,28,22,20,20,29,19
1517731200,141,128,23,28,28,20,341,24,28,26,26,29,23,25
1517734800,44,34,25,24,20,23,120,30,27,24,25,25,22,11
1517738400,85,29,29,26,24,23,260,23,30,20,30,27,20,19
1517742000,38,41,28,29,28,24,470,21,24,29,20,20,25,16
1517745600,178,172,20,21,27,29,259,29,26,29,25,27,20,22
1517749200,190,69,27,21,22,26,350,30,29,20,28,30,30,24
1517752800,117,162,20,20,21,30,209,25,21,28,25,21,23,12
1517756400,41,168,23,21,28,26,124,27,24,26,29,29,28,17
1517760000,52,167,25,20,21,30,355,27,24,23,20,30,26,11
1517763600,93,165,20,20,20,29,220,28,25,30,27,21,28,22
1517767200,125,21,20,20,30,27,319,21,30,26,20,29,26,22
1517770800,142,178,30,24,25,27,174,20,30,28,24,25,30,21
1517774400,82,185,21,26,21,26,273,20,24,26,21,23,26,24
1517778000,92,191,29,23,30,26,449,20,27,26,25,29,21,12
1517781600,146,186,28,25,29,30,343,26,28,21,30,25,28,23
1517785200,80,106,23,21,24,24,328,23,26,29,29,27,29,18
1517788800,76,132,21,21,20,21,154,25,27,28,27,26,30,17
1517792400,167,1,24,24,29,27,213,25,30,24,26,27,30,12
1517796000,75,172,24,29,27,23,315,23,21,25,23,27,22,25
1517799600,195,59,29,20,25,25,167,28,28,29,28,30,23,24
1517803200,168,9,21,22,29,23,426,20,23,21,21,27,22,11
1517806800,28,27,30,23,27,25,349,23,30,30,29,27,20,19
1517810400,68,187,24,20,20,23,170,28,28,20,24,29,25,10
1517814000,40,68,20,29,27,24,131,30,23,20,22,27,27,14
1517817600,59,61,23,23,28,28,181,24,21,23,28,23,22,18
1517821200,88,106,22,26,21,23,213,25,30,23,23,23,26,18
1517824800,194,188,28,27,23,23,277,30,29,26,26,28,23,12
1517828400,46,92,26,28,22,28,335,24,23,20,26,21,24,12
1517832000,13,153,29,30,23,22,228,24,28,21,26,24,23,25
1517835600,14,10,30,22,27,29,476,24,21,21,24,25,24,13
1517839200,141,36,20,28,21,21,240,27,28,23,28,23,23,15
1517842800,159,179,24,22,20,30,244,25,25,24,29,22,20,10
1517846400,141,167,24,21,22,25,317,29,28,29,27,27,20,13
1517850000,171,114,25,22,23,30,387,29,21,26,25,30,27,10
1517853600,40,121,25,29,25,27,105,21,25,29,26,29,24,25
1517857200,9,173,25,26,20,29,469,22,30,24,25,27,30,22
1517860800,89,130,25,22,29,26,292,30,25,20,22,30,22,15
1517864400,189,132,28,20,25,29,156,28,30,25,28,24,29,20
1517868000,172,47,28,29,26,20,221,25,21,28,20,21,25,23
1517871600,35,33,21,29,22,20,162,21,23,24,29,24,27,22
1517875200,131,92,20,23,21,30,275,24,27,22,27,26,28,19
1517878800,147,52,20,26,29,25,299,22,30,22,21,25,29,18
1517882400,103,2,29,25,26,28,292,29,20,22,28,23,26,24
1517886000,107,53,29,23,24,26,132,28,23,25,24,22,29,23
1517889600,182,78,25,28,29,26,494,23,23,21,24,20,23,22
1517893200,157,123,25,29,22,28,181,20,27,27,25,24,30,25
1517896800,10,16,29,20,23,20,471,21,25,20,20,23,26,20
1517900400,189,45,21,28,30,30,321,25,25,26,23,20,22,21
1517904000,113,191,22,21,29,28,472,30,30,27,22,25,24,18
1517907600,111,108,30,24,24,24,167,20,30,26,25,24,24,16
1517911200,50,140,20,27,30,22,295,21,30,20,28,25,29,19
1517914800,137,57,25,27,29,26,143,25,29,29,22,28,23,17
1517918400,91,37,30,26,21,21,161,24,30,23,27,24,22,17
1517922000,191,11,20,23,25,23,250,28,28,21,26,22,28,25
1517925600,188,28,30,29,26,29,217,22,27,28,26,27,20,16
1517929200,44,129,26,24,28,25,437,22,27,27,26,20,30,15
1517932800,34,26,20,20,22,23,193,22,23,26,30,27,28,23
1517936400,54,65,29,20,28,25,187,22,22,26,28,27,25,23
1517940000,112,17,20,22,22,29,242,20,21,24,22,30,26,20
1517943600,173,102,24,26,23,20,213,22,27,20,24,21,23,12
1517947200,167,60,25,29,25,29,481,24,24,25,22,22,26,13
1517950800,12,194,20,20,29,22,138,27,29,24,30,21,25,18
1517954400,22,43,20,27,28,20,270,23,23,25,24,20,28,16
1517958000,78,136,29,30,26,28,227,20,22,26,23,26,21,23
1517961600,129,37,20,24,22,24,119,27,26,20,30,22,23,17
1517965200,134,72,29,22,29,29,307,29,24,20,23,28,26,21
1517968800,184,174,23,22,25,28,406,20,28,23,22,23,25,14
1517972400,183,144,22,27,28,20,133,24,21,24,30,28,20,12
1517976000,21,135,25,27,30,21,446,30,28,20,26,30,26,12
1517979600,144,25,27,25,30,29,233,27,22,26,27,26,26,12
1517983200,148,195,22,20,22,24,397,30,23,29,25,27,26,20
1517986800,26,166,21,21,30,22,398,20,26,24,21,27,22,10
1517990400,11,162,24,25,21,29,165,29,26,29,24,30,20,25
1517994000,28,83,30,26,26,27,494,24,23,29,23,26,22,21
1517997600,13,29,25,21,24,27,114,30,30,20,28,27,20,18
1518001200,179,39,27,22,30,28,489,27,23,26,23,24,30,20
1518004800,23,199,21,30,25,21,324,30,24,27,26,29,30,10
1518008400,143,140,20,27,28,21,307,30,20,26,27,27,20,17
1518012000,121,166,30,29,27,25,305,30,26,25,30,30,28,19
1518015600,102,174,25,20,21,28,120,29,21,25,24,22,29,13
1518019200,39,172,22,29,22,26,350,20,24,29,30,21,28,23
1518022800,33,20,23,24,22,23,229,30,20,23,27,28,28,16
1518026400,59,54,25,27,27,20,157,24,21,20,23,27,24,20
1518030000,20,123,30,20,24,22,378,22,28,28,30,21,23,22
1518033600,137,65,21,30,30,29,465,24,23,26,25,30,26,15
1518037200,197,22,30,29,23,29,110,24,20,24,24,20,28,22
1518040800,58,138,22,24,27,20,117,30,24,20,21,22,25,16
1518044400,56,195,30,21,28,25,488,30,24,23,21,26,21,14
1518048000,27,66,29,27,22,23,440,22,26,20,30,22,28,12
1518051600,32,63,24,22,21,28,293,20,30,26,30,24,21,14
1518055200,112,169,21,21,21,30,270,24,23,23,24,21,23,20
1518058800,160,7,27,21,29,29,281,29,26,22,29,28,20,19
1518062400,194,170,25,24,21,21,468,20,28,27,21,23,22,10
1518066000,165,64,28,27,23,30,472,22,20,29,28,23,26,10
1518069600,87,36,27,23,25,22,323,22,22,24,27,25,27,11
1518073200,95,59,27,21,27,24,175,21,21,29,30,30,20,20
1518076800,7,22,21,29,30,23,393,27,20,30,20,28,25,10
1518080400,52,89,22,28,22,27,273,29,28,21,25,20,26,23
1518084000,92,39,30,25,24,22,486,26,26,29,24,26,22,21
1518087600,8,110,24,22,26,23,265,25,25,26,21,29,28,18
1518091200,180,63,20,24,26,20,174,26,23,29,26,26,22,25
1518094800,11,189,25,25,23,26,102,22,21,21,27,28,20,17
1518098400,139,132,22,29,20,28,274,30,22,22,25,20,26,10
1518102000,162,186,26,28,23,30,127,21,26,27,30,30,28,14
1518105600,197,96,30,20,30,21,294,20,30,30,30,28,25,15
1518109200,37,159,23,30,23,25,391,21,20,25,22,20,21,20
1518112800,115,53,21,27,23,28,183,26,25,22,25,30,25,16
1518116400,84,143,22,20,29,28,134,25,28,28,21,29,29,23
1518120000,25,89,23,28,20,29,377,21,25,27,24,30,20,18
1518123600,110,88,23,30,30,29,173,25,21,20,29,27,25,15
1518127200,196,106,22,25,30,28,294,24,27,22,23,28,28,10
1518130800,9,119,26,26,21,28,421,22,23,30,26,21,24,12
1518134400,18,8,25,22,30,22,282,27,27,22,25,23,21,11
1518138000,101,107,26,29,21,27,416,24,25,21,28,25,29,22
1518141600,42,122,21,22,28,29,354,23,26,22,29,29,28,14
1518145200,77,36,22,20,25,29,403,29,29,26,27,24,28,18
1518148800,13,147,29,22,22,22,225,30,22,29,24,29,28,15
1518152400,192,61,25,20,25,26,354,21,26,28,21,30,28,16
1518156000,200,188,22,22,24,24,426,30,21,27,22,25,24,22
1518159600,6,146,26,22,26,25,157,25,24,20,21,24,26,24
1518163200,114,125,22,28,23,26,498,25,24,23,23,29,25,13
1518166800,105,93,28,24,23,23,334,29,23,30,30,30,26,16
1518170400,51,171,25,22,28,21,371,26,21,22,24,20,29,20
1518174000,52,145,23,23,30,27,285,20,24,28,30,30,28,20
1518177600,106,167,29,27,26,25,298,25,30,23,28,22,23,16
1518181200,16,166,29,21,26,21,154,24,28,25,23,20,27,21
1518184800,160,107,30,30,29,26,316,30,28,26,23,20,30,24
1518188400,63,109,22,29,29,22,476,29,22,29,28,24,30,10
1518192000,20,125,25,25,26,25,372,20,21,29,22,27,30,24
1518195600,13,89,27,24,26,28,306,25,29,28,30,26,26,15
1518199200,183,187,25,30,27,29,183,30,26,20,30,24,30,17
1518202800,60,120,22,23,30,27,136,23,24,29,23,30,22,10
1518206400,40,17,26,22,30,26,417,26,28,21,24,20,29,25
1518210000,189,186,30,24,21,28,201,21,22,28,22,21,26,18
1518213600,131,193,30,28,28,23,317,28,28,22,26,25,23,17
1518217200,139,8,20,23,26,20,449,27,25,25,26,28,28,25
1518220800,124,198,30,29,25,22,153,23,28,23,27,20,22,16
1518224400,82,111,25,29,24,24,444,29,30,30,28,24,27,12
1518228000,118,137,27,21,25,23,408,23,22,29,24,26,29,18
1518231600,197,200,24,27,23,26,215,29,20,27,25,27,21,12
1518235200,50,19,22,23,24,20,374,27,20,24,29,25,30,11
1518238800,185,43,21,22,30,25,273,25,28,21,21,27,23,23
1518242400,195,105,22,27,28,30,308,29,30,23,29,23,22,15
1518246000,52,111,29,20,25,26,110,26,20,24,21,20,25,17
1518249600,45,148,26,27,22,22,354,24,27,29,22,27,27,20
1518253200,146,71,30,21,28,22,238,25,20,23,22,30,25,19
1518256800,186,128,22,23,27,27,133,23,20,23,23,29,26,19
1518260400,159,91,28,23,23,29,183,29,26,21,23,26,24,15
1518264000,127,50,23,29,27,28,353,30,20,21,21,28,21,24
1518267600,68,96,30,30,24,24,383,25,24,29,23,30,28,24
1518271200,85,125,23,30,23,29,336,28,23,24,29,30,21,17
1518274800,44,172,22,30,28,28,196,30,29,25,25,26,23,15
1518278400,128,47,21,23,27,30,116,28,22,21,25,23,28,22
1518282000,161,34,24,21,27,24,170,29,28,28,23,25,23,16
1518285600,16,115,24,21,28,24,311,21,27,22,20,22,30,10
1518289200,34,80,26,20,28,20,205,25,27,29,22,30,25,22
1518292800,58,26,23,24,26,27,179,27,26,21,21,22,22,20
1518296400,173,20,22,20,30,22,403,30,23,21,21,23,25,25
1518300000,86,122,30,24,28,22,307,23,25,24,21,30,24,19
1518303600,118,1,25,25,20,24,254,24,30,25,24,28,27,15
1518307200,200,122,26,23,21,25,465,30,23,22,23,24,30,23
1518310800,27,66,25,24,21,29,269,22,25,24,30,22,24,11
1518314400,19,109,23,30,22,26,465,24,24,23,29,21,30,16
1518318000,190,4,23,30,27,23,253,21,27,20,29,30,27,10
1518321600,122,115,26,28,24,23,129,25,23,23,25,27,30,12
1518325200,195,181,25,22,21,22,178,29,28,22,20,21,30,18
1518328800,144,61,21,24,28,20,411,24,29,29,27,25,25,13
1518332400,77,93,20,30,25,26,284,22,30,21,22,29,29,18
1518336000,189,33,21,22,30,30,144,23,21,27,25,24,25,20
1518339600,73,85,20,21,21,30,460,20,30,25,21,29,21,13
1518343200,153,157,25,20,20,22,413,22,20,23,30,24,23,20
1518346800,35,162,25,22,24,21,394,29,22,28,29,28,24,12
1518350400,57,171,30,30,26,27,197,29,20,28,22,29,23,12
1518354000,82,89,29,23,29,21,163,28,29,28,25,21,27,14
1518357600,40,15,22,22,27,28,436,22,25,24,27,28,20,10
1518361200,22,121,29,24,28,26,182,22,26,23,20,26,24,14
1518364800,35,133,23,20,26,20,472,24,29,23,26,20,30,11
1518368400,66,85,28,23,20,21,296,22,24,25,21,30,27,23
1518372000,60,51,25,22,23,24,372,29,21,24,28,24,24,20
1518375600,125,33,29,29,29,21,115,20,26,28,25,25,21,10
1518379200,39,183,22,30,25,24,274,28,23,27,27,24,24,15
1518382800,58,54,30,22,26,23,444,24,30,26,26,21,24,12
1518386400,165,125,29,21,22,28,267,27,25,26,27,29,21,23
1518390000,104,188,21,21,22,26,254,29,28,25,25,21,28,18
1518393600,75,45,26,23,22,28,480,29,21,29,29,25,24,22
1518397200,110,159,24,25,23,27,383,25,25,30,25,20,22,13
1518400800,94,64,26,21,28,21,379,27,30,27,26,26,24,20
1518404400,78,5,28,28,22,25,334,28,21,26,25,26,27,11
1518408000,74,87,25,20,20,29,456,20,22,27,20,27,27,21
1518411600,70,15,25,24,26,21,355,22,30,29,27,21,21,15
1518415200,166,20,27,24,25,21,278,28,25,24,24,20,24,17
1518418800,44,114,21,20,24,24,305,21,20,26,29,27,22,10
1518422400,113,181,24,20,29,20,285,20,25,24,25,27,30,17
1518426000,95,135,25,29,30,21,269,21,24,27,29,26,24,21
1518429600,102,71,22,26,23,22,465,23,26,26,21,26,24,17
1518433200,4,81,21,29,25,28,291,26,28,25,22,27,24,14
1518436800,174,186,24,28,22,30,378,24,28,29,23,23,28,19
1518440400,60,80,26,24,28,25,271,28,20,28,24,28,28,13
1518444000,23,188,27,30,30,30,345,20,24,30,26,26,24,16
1518447600,107,47,29,20,22,25,413,20,29,30,25,20,30,17
1518451200,181,177,20,20,21,28,331,27,22,28,24,20,29,25
1518454800,178,19,29,29,20,27,344,20,21,22,26,27,27,20
1518458400,83,12,20,25,20,25,490,20,24,27,28,23,27,11
1518462000,83,86,20,23,23,21,412,25,23,25,25,21,22,24
1518465600,101,5,22,20,21,27,201,25,28,23,23,28,21,13
1518469200,93,37,20,22,28,28,217,22,21,22,27,23,27,25
1518472800,21,109,23,25,29,27,398,21,21,26,24,21,21,25
1518476400,136,190,25,27,21,27,180,21,27,30,26,20,25,12
1518480000,13,116,25,30,23,30,129,26,21,20,30,20,23,17
1518483600,187,91,22,23,21,21,165,30,22,25,27,27,22,24
1518487200,81,121,25,23,23,25,255,25,20,20,23,22,22,11
1518490800,26,197,20,22,26,21,177,28,29,23,21,21,26,22
1518494400,41,115,21,23,22,22,368,25,25,25,26,24,21,18
1518498000,47,10,26,22,27,28,467,22,24,24,24,27,21,17
1518501600,46,155,26,20,29,20,182,22,28,22,28,23,28,12
1518505200,73,13,22,25,24,26,418,21,20,27,23,30,25,11
1518508800,162,48,21,25,25,29,162,21,22,29,24,26,22,13
1518512400,193,2,22,27,28,20,181,27,22,27,26,26,24,19
1518516000,137,110,22,22,22,20,277,23,20,23,28,24,28,24
1518519600,148,88,24,28,30,24,131,28,29,27,22,30,22,19
1518523200,68,77,30,29,23,26,410,26,23,30,26,22,29,11
1518526800,45,30,26,26,24,26,383,25,27,21,28,22,26,10
1518530400,94,186,30,29,27,21,220,25,28,29,25,25,20,23
1518534000,34,192,20,27,29,21,377,23,21,29,21,22,28,25
1518537600,137,18,26,22,27,29,325,28,25,23,28,21,21,18
1518541200,13,157,27,22,24,21,478,28,21,30,23,21,26,11
1518544800,88,166,20,29,24,27,316,21,23,28,23,26,27,16
1518548400,85,35,29,23,24,30,319,23,23,30,24,26,29,23
1518552000,78,64,29,24,29,21,482,24,20,20,23,21,21,10
1518555600,114,33,27,27,21,22,115,28,24,27,28,23,28,10
1518559200,161,79,29,22,23,26,335,22,29,26,26,22,21,15
1518562800,195,40,21,28,24,21,378,26,28,27,23,24,29,24
1518566400,66,102,23,26,27,30,465,21,23,25,27,26,30,21
1518570000,158,44,26,29,23,23,194,29,22,24,26,20,24,17
1518573600,31,64,22,29,27,28,173,22,29,26,27,25,21,12
1518577200,149,95,21,21,24,27,474,20,23,20,25,22,26,24
1518580800,69,55,25,23,29,27,256,26,20,28,24,21,29,12
1518584400,81,52,24,23,24,20,467,20,29,27,25,20,25,12
1518588000,146,136,28,26,27,30,489,28,24,21,22,25,24,17
1518591600,189,56,30,26,29,30,380,21,29,22,30,27,25,16
1518595200,29,9,27,23,20,27,402,30,27,25,22,21,24,12
1518598800,61,74,25,30,30,30,238,26,27,21,22,23,30,11
1518602400,15,129,29,26,23,22,449,27,20,22,29,29,22,11
1518606000,28,21,26,23,23,30,324,21,27,23,29,28,20,18
1518609600,30,81,22,20,22,21,330,28,22,27,25,29,29,19
1518613200,70,32,22,27,26,20,499,23,25,29,28,20,29,24
1518616800,146,50,28,28,25,20,116,26,28,27,28,30,26,17
1518620400,107,188,25,28,21,29,463,20,29,27,22,20,26,15
1518624000,38,33,30,29,27,21,287,24,28,28,27,29,28,17
1518627600,82,19,23,24,23,28,440,22,22,23,25,25,25,21
1518631200,65,148,22,27,20,25,385,26,26,22,21,22,25,15
1518634800,152,145,28,29,24,20,208,24,24,29,28,27,29,25
1518638400,165,185,28,23,21,22,336,25,27,22,26,25,28,10
1518642000,187,72,20,22,24,20,327,30,27,28,30,25,25,13
1518645600,22,186,26,27,22,25,262,23,26,28,29,22,23,12
1518649200,46,152,25,23,30,24,333,24,26,26,20,30,24,15
1518652800,144,46,23,28,29,26,434,27,26,23,22,23,30,11
1518656400,19,145,22,27,21,25,267,22,22,24,29,20,24,13
1518660000,5,105,25,29,29,24,325,20,30,24,24,22,26,10
1518663600,152,157,28,24,26,22,453,21,20,24,26,20,30,16
1518667200,70,20,20,25,23,25,128,26,30,27,22,23,30,20
1518670800,189,77,21,28,23,20,331,25,30,30,22,23,22,22
1518674400,43,136,21,29,21,21,281,28,28,24,20,27,27,20
1518678000,152,146,27,20,29,21,336,21,28,30,21,29,22,19
1518681600,176,181,24,29,20,26,400,30,23,29,30,28,29,21
1518685200,152,88,30,20,27,30,391,26,28,21,22,22,23,22
1518688800,149,88,30,27,23,20,364,26,23,22,28,25,23,15
1518692400,101,168,22,20,20,30,408,24,28,26,30,27,28,14
1518696000,198,82,21,28,22,22,221,20,26,21,25,23,21,18
1518699600,40,181,21,28,24,22,369,21,22,27,28,28,20,20
1518703200,18,60,29,23,30,28,141,23,24,21,20,25,28,10
1518706800,191,42,29,29,24,25,139,30,20,29,27,22,24,11
1518710400,54,170,28,28,20,24,344,27,22,29,25,22,25,14
1518714000,150,56,29,20,25,22,293,30,27,26,27,21,30,12
1518717600,181,178,27,24,24,21,315,29,24,28,20,23,20,22
1518721200,188,153,20,20,24,28,288,28,29,20,24,27,22,18
1518724800,152,99,20,23,21,27,314,21,25,30,22,23,28,11
1518728400,9,109,29,22,28,29,334,28,21,27,28,27,23,21
1518732000,197,111,29,27,29,21,263,20,28,20,30,20,26,20
1518735600,140,62,30,21,24,21,314,26,24,30,25,24,21,25
1518739200,169,74,23,27,30,26,311,24,27,26,27,21,20,22
1518742800,33,177,28,24,27,29,432,23,20,25,29,30,30,13
1518746400,154,52,23,26,24,20,256,26,23,23,21,27,20,13
1518750000,50,97,24,30,21,23,412,27,20,23,26,21,29,14
1518753600,133,122,30,21,28,28,181,28,27,20,22,22,28,11
1518757200,89,24,25,22,23,25,358,22,22,25,21,20,25,24
1518760800,98,162,27,28,27,27,388,28,29,26,22,29,27,14
1518764400,78,49,20,26,21,24,342,24,28,22,23,22,20,19
1518768000,180,22,23,29,24,29,235,21,21,22,29,23,28,22
1518771600,8,137,22,20,28,29,130,24,20,25,22,25,30,25
1518775200,34,137,21,24,24,29,337,26,26,26,22,27,22,23
1518778800,66,35,25,24,29,20,495,23,26,20,27,27,30,10
1518782400,62,186,26,20,30,25,295,30,29,28,22,26,23,15
1518786000,129,67,20,21,24,22,108,24,28,26,23,21,27,25
1518789600,69,154,20,30,21,29,183,29,25,25,27,21,24,20
1518793200,97,79,30,26,24,23,264,29,29,25,24,30,29,11
1518796800,90,106,20,24,29,22,496,23,30,28,21,29,29,20
1518800400,79,59,20,21,26,30,364,22,24,25,26,24,27,21
1518804000,129,9,24,26,30,26,361,21,28,23,22,24,26,17
1518807600,63,114,27,23,21,23,395,26,26,22,20,25,28,22
1518811200,143,48,30,21,22,23,368,30,22,20,29,26,26,17
1518814800,127,170,23,21,20,28,172,28,20,26,30,24,21,14
1518818400,35,58,27,25,20,28,497,26,21,28,21,28,21,14
1518822000,35,138,24,28,30,20,100,30,23,24,30,22,20,22
1518825600,26,168,29,22,22,20,459,22,26,21,30,21,30,20
1518829200,82,89,30,20,24,29,125,22,30,27,25,22,28,15
1518832800,20,121,20,23,20,22,411,24,24,30,22,20,28,23
1518836400,106,120,30,21,24,27,149,25,22,27,30,26,21,12
1518840000,41,191,28,21,25,28,415,29,28,25,29,20,20,19
1518843600,199,159,29,21,26,28,224,21,25,25,29,25,20,10
1518847200,30,156,24,24,21,25,374,20,23,25,30,27,30,14
1518850800,54,2,30,28,28,28,233,26,24,26,21,21,25,25
1518854400,19,93,30,24,25,25,470,29,29,26,22,20,21,14
1518858000,153,150,28,23,24,23,413,23,20,30,24,27,26,20
1518861600,120,151,22,22,22,24,141,21,21,20,30,22,25,17
1518865200,24,5,27,20,24,30,262,21,29,28,29,27,26,22
1518868800,8,145,20,22,29,22,472,28,25,22,30,30,22,14
1518872400,39,98,24,28,24,25,298,20,23,23,20,21,21,24
1518876000,101,173,25,24,23,21,237,25,27,20,20,23,24,14
1518879600,75,72,27,23,21,28,273,24,29,23,24,28,22,21
1518883200,5,123,29,28,26,21,131,24,29,23,23,25,21,24
1518886800,13,147,28,28,25,29,428,26,30,28,26,28,22,24
1518890400,115,136,30,21,30,29,319,30,30,22,29,27,28,12
1518894000,68,78,25,24,27,26,102,25,27,23,29,23,25,19
1518897600,63,91,27,26,27,30,237,24,25,29,21,30,20,21
1518901200,200,86,30,23,24,29,371,20,20,30,26,22,25,10
1518904800,7,174,25,24,23,24,415,25,26,21,30,29,29,22
1518908400,99,47,30,24,25,27,374,29,21,20,28,23,26,11
1518912000,123,182,27,25,20,30,269,20,23,27,26,20,22,18
1518915600,88,162,21,29,22,21,324,25,24,23,29,23,24,15
1518919200,86,21,24,28,30,20,111,23,28,27,21,26,21,11
1518922800,127,77,22,29,27,24,188,20,22,27,26,22,28,24
1518926400,29,162,26,21,30,21,382,25,26,24,27,22,26,12
1518930000,0,80,21,20,28,23,257,21,29,25,25,24,23,18
1518933600,34,156,25,24,25,30,109,21,30,27,27,29,25,22
1518937200,97,1,28,26,26,30,456,20,30,28,22,26,25,17
1518940800,67,113,21,30,29,21,236,25,30,29,25,30,29,20
1518944400,168,79,23,30,23,24,350,29,27,27,25,22,27,12
1518948000,187,80,28,30,26,24,308,21,27,23,27,26,30,13
1518951600,1,80,27,22,26,28,215,22,30,22,26,21,21,10
1518955200,71,139,27,28,28,28,241,26,22,24,23,30,21,17
1518958800,144,40,28,26,30,20,440,25,27,26,27,27,20,23
1518962400,124,143,27,23,23,23,238,25,21,27,22,23,21,22
1518966000,61,54,21,20,30,29,174,30,27,27,20,23,28,14
1518969600,99,100,24,20,23,26,247,30,29,24,28,21,20,11
1518973200,79,182,26,28,27,21,185,30,22,22,26,26,27,10
1518976800,139,146,20,27,29,25,239,27,21,22,29,20,27,19
1518980400,98,47,25,21,20,20,318,27,29,29,28,23,20,13
1518984000,170,141,24,26,22,26,143,25,23,20,21,30,24,18
1518987600,58,6,21,22,28,26,258,25,29,26,20,26,29,10
1518991200,17,6,28,21,26,28,356,20,26,30,20,28,29,18
1518994800,118,183,24,28,30,28,241,30,29,24,30,27,29,18
1518998400,58,66,22,22,25,28,109,25,29,25,27,29,29,13
1519002000,166,133,27,26,30,28,392,26,21,30,26,20,23,17
1519005600,19,115,24,27,24,21,261,20,30,28,20,28,22,11
1519009200,183,180,28,20,22,27,482,20,23,21,28,23,28,21
1519012800,126,24,28,20,29,21,314,29,29,22,29,26,26,12
1519016400,80,173,21,30,28,25,287,23,29,26,26,22,28,21
1519020000,174,112,24,28,25,23,478,26,22,27,25,23,25,13
1519023600,48,3,27,20,26,20,469,25,26,27,23,27,27,18
1519027200,88,75,20,20,22,20,105,20,29,25,24,28,28,21
1519030800,167,139,23,21,20,28,156,24,21,27,26,30,27,18
1519034400,79,57,23,26,23,24,289,24,24,24,30,21,25,10
1519038000,199,107,30,30,28,22,389,30,27,26,25,27,23,24
1519041600,49,148,28,28,20,21,191,25,21,21,27,25,29,13
1519045200,69,45,28,27,27,20,135,23,28,26,21,23,21,16
1519048800,47,59,29,29,29,29,274,22,28,28,28,21,25,13
1519052400,118,52,22,30,30,23,191,27,24,29,22,23,23,13
1519056000,85,7,28,20,20,22,152,25,21,27,25,27,27,24
1519059600,42,67,22,21,29,30,332,24,30,25,20,26,22,20
1519063200,69,144,30,23,30,25,353,20,27,28,29,30,21,17
1519066800,144,139,20,23,24,25,156,25,27,24,23,25,23,14
1519070400,31,1,23,20,25,25,323,23,23,30,27,25,29,20
1519074000,178,158,28,26,28,24,308,30,30,23,20,24,21,16
1519077600,123,36,20,24,22,22,167,22,30,25,30,26,24,18
1519081200,192,189,23,25,30,28,138,25,21,21,25,20,21,13
1519084800,107,41,21,30,25,28,323,20,29,24,20,25,21,13
1519088400,148,53,30,30,28,28,373,30,24,29,28,26,26,24
1519092000,157,43,23,25,21,30,301,21,21,24,20,30,30,10
1519095600,157,113,28,25,30,26,190,25,21,27,26,27,28,17
1519099200,157,178,26,24,28,25,162,27,29,29,28,21,29,18
1519102800,64,114,29,22,30,20,302,24,29,25,23,21,21,22
1519106400,4,154,22,25,20,23,395,23,22,21,29,23,30,17
1519110000,30,64,27,27,23,29,200,25,20,29,20,25,20,10
1519113600,65,42,24,26,25,26,325,20,26,28,21,30,29,17
1519117200,68,23,22,20,20,24,405,23,25,23,25,22,24,21
1519120800,45,112,22,23,30,28,402,21,27,29,25,21,26,13
1519124400,3,31,27,21,29,30,363,28,20,23,26,21,26,15
1519128000,91,67,21,23,24,25,220,25,27,20,27,30,24,10
1519131600,161,77,25,22,23,20,177,21,21,23,27,23,27,14
1519135200,62,194,25,23,24,30,245,28,29,25,21,27,21,13
1519138800,146,31,21,20,27,20,182,23,30,22,25,23,28,20
1519142400,57,130,28,26,22,28,376,27,22,24,23,20,28,16
1519146000,183,160,25,20,23,25,329,30,21,27,28,26,23,21
1519149600,159,3,22,28,25,28,291,30,22,20,20,28,21,20
1519153200,37,177,23,22,20,28,428,23,22,23,30,20,22,14
1519156800,199,77,26,29,23,25,450,30,30,24,26,21,22,21
1519160400,114,193,30,28,22,21,146,25,24,22,30,30,30,15
1519164000,100,151,23,23,25,28,258,30,21,22,29,28,25,18
1519167600,154,171,27,23,20,27,174,27,25,27,22,22,25,12
1519171200,138,173,29,24,24,27,377,28,21,23,26,22,20,17
1519174800,167,183,23,22,29,25,310,25,26,29,23,20,25,24
1519178400,67,31,30,30,22,23,274,25,29,25,23,28,21,23
1519182000,111,196,28,22,20,30,186,30,22,22,30,29,22,18
1519185600,14,128,20,30,30,29,406,20,29,30,22,26,24,13
1519189200,20,20,27,23,20,21,186,22,30,24,29,29,23,24
1519192800,92,89,20,24,26,26,442,25,24,22,20,27,20,14
1519196400,127,196,24,30,25,22,433,28,27,21,28,30,21,11
1519200000,0,149,29,21,21,24,201,30,25,30,29,25,23,13
1519203600,134,161,30,21,22,29,208,29,23,26,27,20,20,21
1519207200,86,11,30,26,28,30,427,22,26,26,21,28,29,12
1519210800,45,150,24,30,29,25,390,27,22,20,30,24,26,22
1519214400,20,7,26,24,24,29,337,23,22,21,24,24,29,12
1519218000,140,2,28,25,25,27,250,20,23,26,26,26,26,10
1519221600,133,79,24,28,27,25,180,25,21,23,27,20,25,11
1519225200,185,108,23,20,29,25,467,27,28,25,20,21,24,22
1519228800,1,96,26,20,26,30,300,23,26,24,20,23,28,19
1519232400,18,0,27,22,21,27,312,26,24,27,25,29,20,14
1519236000,103,68,28,30,27,21,240,28,27,26,27,21,27,17
1519239600,156,81,23,21,22,24,225,28,26,25,20,22,28,12
1519243200,52,165,24,20,23,27,435,21,24,21,26,29,26,18
1519246800,99,13,27,29,29,27,199,29,30,21,22,28,26,11
1519250400,85,54,29,21,23,22,271,26,24,28,28,21,25,20
1519254000,184,165,20,21,23,22,420,23,21,30,22,23,30,22
1519257600,97,152,24,20,28,25,427,26,20,26,21,22,23,21
1519261200,11,16,30,24,28,22,441,21,30,27,26,30,24,19
1519264800,124,195,27,26,29,30,222,20,28,27,20,24,26,20
1519268400,141,154,27,20,26,25,283,26,29,27,28,29,22,11
1519272000,87,63,21,30,23,30,381,24,27,24,29,27,22,15
1519275600,119,31,29,27,24,27,214,27,25,25,23,22,27,20
1519279200,17,50,24,27,20,24,479,29,28,23,25,28,23,15
1519282800,105,112,26,23,25,23,239,26,24,27,22,26,30,12
1519286400,7,84,23,22,30,30,387,25,29,25,20,24,26,12
1519290000,61,53,27,26,22,30,469,21,27,29,27,20,21,22
1519293600,190,75,28,30,30,22,328,29,25,29,26,23,24,24
1519297200,117,167,26,21,22,23,435,26,29,21,25,29,24,20
1519300800,142,134,20,28,27,28,362,25,27,21,28,30,25,24
1519304400,64,26,29,30,25,28,497,20,25,23,28,20,26,19
1519308000,167,67,27,26,20,26,460,24,27,24,20,29,28,24
1519311600,182,125,27,24,28,30,307,23,26,23,29,21,23,25
1519315200,123,55,21,28,23,28,227,29,27,24,26,21,20,19
1519318800,154,63,23,20,28,28,267,29,23,27,27,21,27,24
1519322400,42,151,27,30,26,25,446,20,30,21,20,25,29,15
1519326000,187,143,29,24,26,25,107,26,21,27,20,30,22,22
1519329600,101,169,21,24,23,29,432,25,29,28,30,24,30,23
1519333200,58,177,26,23,25,21,315,20,25,25,26,30,26,15
1519336800,48,71,24,30,30,20,319,23,22,21,29,26,26,17
1519340400,127,133,27,23,30,24,434,30,21,29,27,28,20,18
1519344000,123,141,21,30,24,27,376,24,20,27,27,29,24,19
1519347600,155,161,24,22,27,21,168,23,20,27,24,24,24,20
1519351200,81,149,25,24,27,20,422,29,21,25,20,20,22,21
1519354800,83,16,29,23,24,27,248,24,25,26,21,23,26,23
1519358400,68,176,29,26,23,23,156,28,27,23,24,26,27,17
1519362000,39,83,28,23,23,20,171,25,30,28,21,25,26,20
1519365600,159,121,23,30,20,25,289,23,29,23,21,22,20,15
1519369200,82,107,25,21,20,29,447,22,27,24,27,22,29,11
1519372800,60,126,27,28,29,23,311,20,20,28,23,21,20,13
1519376400,81,40,24,23,27,29,327,24,21,27,22,21,30,11
1519380000,121,4,20,30,27,26,200,22,23,20,26,22,21,14
1519383600,126,167,30,30,29,28,323,28,27,29,29,30,24,14
1519387200,20,42,22,26,26,22,100,20,23,26,25,30,20,19
1519390800,3,190,28,29,21,20,388,21,27,25,23,20,28,10
1519394400,20,58,22,27,25,23,413,29,24,20,22,28,25,10
1519398000,8,170,27,27,24,25,420,22,23,22,30,28,26,24
1519401600,46,143,20,23,20,25,171,22,30,21,28,22,23,12
1519405200,117,183,28,26,23,24,223,20,25,23,24,21,30,20
1519408800,39,102,22,20,20,25,440,30,24,30,20,23,30,25
1519412400,162,151,21,21,27,21,117,30,29,20,25,21,21,10
1519416000,168,165,25,23,25,25,498,24,28,25,22,27,30,19
1519419600,7,124,22,25,26,28,220,28,26,27,20,24,28,14
1519423200,108,29,25,22,29,27,317,21,28,23,29,21,26,25
1519426800,142,161,23,22,27,25,203,28,26,22,23,26,25,11
1519430400,79,133,28,20,28,25,295,30,25,27,26,29,23,12
1519434000,99,84,21,24,28,26,143,30,26,25,20,28,25,21
1519437600,140,169,20,22,29,28,453,26,21,26,22,27,23,13
1519441200,17,45,23,27,20,26,486,27,24,28,22,25,27,25
1519444800,43,88,21,25,20,27,313,24,28,21,30,20,22,14
1519448400,91,77,22,23,26,22,369,30,23,24,23,25,28,22
1519452000,162,161,20,21,28,29,243,28,30,24,29,30,24,22
1519455600,28,130,23,28,24,27,365,27,24,23,25,27,22,13
1519459200,172,39,21,28,23,21,181,29,28,30,25,24,30,17
1519462800,57,177,21,23,29,29,369,23,20,26,27,20,30,14
1519466400,70,55,26,24,26,24,362,25,28,20,20,27,23,24
1519470000,33,73,22,29,29,24,462,20,20,28,20,29,25,20
1519473600,12,26,26,24,26,30,436,26,24,26,26,27,28,11
1519477200,12,162,25,29,30,29,460,25,20,23,29,23,20,17
1519480800,32,151,30,20,23,25,233,24,29,20,26,29,30,25
1519484400,120,132,22,22,26,24,423,29,24,21,27,22,27,18
1519488000,33,69,24,27,26,20,337,28,21,22,28,25,28,23
1519491600,48,15,28,29,25,29,212,20,21,22,20,26,28,22
1519495200,44,132,27,21,25,23,431,27,24,27,24,20,29,17
1519498800,81,58,30,30,27,21,344,20,29,20,28,23,28,17
1519502400,37,193,21,26,22,25,410,21,24,22,25,21,22,11
1519506000,111,133,24,26,21,20,352,28,22,25,20,29,20,18
1519509600,49,21,28,21,28,30,169,27,26,26,30,26,22,15
1519513200,60,15,24,20,26,23,404,21,26,21,22,24,24,16
1519516800,120,56,30,30,24,22,227,22,24,24,23,21,21,13
1519520400,142,12,25,23,26,30,466,24,25,30,22,20,24,13
1519524000,122,136,23,24,22,24,416,25,29,25,23,27,25,18
1519527600,89,82,25,30,27,25,477,26,30,27,29,24,26,17
1519531200,78,15,24,29,24,22,148,28,30,27,28,24,29,15
1519534800,109,165,21,25,25,30,101,30,27,29,26,25,21,11
1519538400,135,67,28,29,24,30,102,24,28,21,30,23,21,19
1519542000,43,37,27,23,21,21,435,23,22,23,30,26,21,13
1519545600,22,183,27,21,23,20,482,21,22,29,26,30,29,18
1519549200,120,160,29,24,29,27,438,21,30,28,28,23,25,24
1519552800,149,188,28,23,22,24,385,27,25,20,27,30,24,13
1519556400,74,30,30,23,27,29,199,30,26,27,27,22,24,13
1519560000,49,5,21,20,20,28,105,21,29,23,24,25,29,25
1519563600,124,199,24,30,20,29,276,29,25,23,26,20,26,20
1519567200,90,25,28,28,24,23,303,21,21,21,27,26,29,15
1519570800,53,62,21,29,28,22,134,22,29,20,27,27,22,23
1519574400,114,27,23,25,25,22,184,26,20,25,21,27,27,12
1519578000,182,96,21,26,28,23,431,20,27,21,22,21,28,20
1519581600,98,81,25,20,20,27,480,23,27,22,27,24,22,24
1519585200,143,25,28,23,20,27,101,23,28,23,22,25,28,23
1519588800,13,184,26,22,22,20,217,26,21,28,30,24,22,11
1519592400,162,42,23,22,29,22,154,28,27,30,21,22,20,15
1519596000,88,164,26,24,20,22,297,27,22,26,24,30,26,23
1519599600,141,113,26,30,29,23,487,25,30,23,21,27,20,12
1519603200,110,145,27,29,29,24,358,20,23,21,26,27,30,10
1519606800,57,116,29,24,29,28,186,20,28,21,25,25,27,24
1519610400,112,87,28,29,27,26,401,26,29,29,30,29,26,24
1519614000,55,171,28,29,23,25,185,25,21,22,30,30,28,10
1519617600,159,80,23,23,20,25,352,23,30,21,23,27,29,21
1519621200,60,196,20,23,25,25,148,21,24,29,21,23,21,21
1519624800,143,31,28,29,29,27,428,23,29,27,30,30,28,24
1519628400,12,91,24,27,24,30,288,30,22,30,25,26,23,16
1519632000,44,110,29,20,21,20,231,21,28,26,22,28,23,13
1519635600,158,194,24,30,30,22,318,20,28,24,30,30,20,20
1519639200,155,124,27,26,29,20,296,22,22,24,20,20,21,13
1519642800,198,38,21,20,22,30,242,26,22,29,26,26,30,17
1519646400,62,64,26,28,24,27,147,27,28,27,26,27,30,14
1519650000,64,108,29,21,22,25,109,25,23,26,24,27,26,23
1519653600,168,53,25,29,21,20,216,28,26,25,23,22,24,22
1519657200,145,138,30,20,27,22,386,21,23,23,23,23,20,13
1519660800,80,107,30,20,23,26,414,25,23,26,20,24,26,13
1519664400,148,161,20,25,20,24,242,20,28,21,22,21,29,17
1519668000,120,49,23,30,29,20,353,27,27,23,23,29,27,17
1519671600,120,110,28,29,22,28,366,23,27,24,29,30,26,16
1519675200,49,47,20,28,22,27,298,21,27,30,28,27,26,10
1519678800,140,181,22,30,23,29,238,28,26,21,21,30,24,15
1519682400,4,109,24,29,24,28,494,24,23,24,23,23,21,24
1519686000,84,187,20,20,28,29,115,28,22,28,29,27,30,18
1519689600,102,131,20,24,23,26,298,29,21,20,30,27,27,18
1519693200,154,87,21,24,27,23,320,25,23,21,27,22,30,25
1519696800,76,154,25,25,26,25,292,28,23,30,20,21,28,12
1519700400,33,154,20,30,23,23,141,23,28,28,25,20,25,12
1519704000,162,40,20,24,28,21,426,21,23,23,23,26,25,22
1519707600,62,196,30,25,22,22,294,30,25,29,28,21,25,16
1519711200,192,186,22,22,21,21,294,30,23,23,27,25,21,23
1519714800,69,46,21,21,21,29,139,29,21,25,21,30,30,20
1519718400,79,16,22,28,29,28,169,22,20,23,25,30,22,14
1519722000,194,147,25,24,24,20,334,30,30,30,23,26,29,10
1519725600,174,152,22,22,24,27,278,27,28,28,22,20,27,12
1519729200,130,86,20,26,23,27,376,25,29,24,28,24,28,24
1519732800,185,0,20,29,28,29,290,21,30,29,21,29,30,14
1519736400,120,140,22,24,28,27,142,27,29,20,24,28,28,12
1519740000,52,1,22,29,25,21,252,26,26,28,22,23,23,16
1519743600,54,127,22,28,27,30,292,24,27,27,27,23,26,20
1519747200,180,74,22,22,20,26,368,20,26,20,27,25,22,25
1519750800,163,30,20,29,25,22,482,23,30,27,25,23,23,20
1519754400,109,82,20,22,26,27,201,22,22,26,30,28,20,16
1519758000,129,76,20,29,23,28,101,22,29,26,27,24,27,12
1519761600,123,68,20,25,21,28,455,23,24,22,27,22,24,19
1519765200,50,130,23,28,24,26,484,23,24,25,27,25,21,11
1519768800,61,117,28,24,24,22,416,28,23,25,24,20,26,16
1519772400,192,70,25,25,26,25,212,23,22,20,30,20,30,17
1519776000,42,100,30,28,29,23,338,30,22,29,27,26,20,10
1519779600,184,116,23,24,29,23,238,20,29,24,24,21,22,25
1519783200,0,187,27,27,20,27,296,29,29,21,21,28,26,25
1519786800,141,145,30,29,20,25,421,26,25,22,21,28,27,21
1519790400,53,123,27,21,28,23,216,29,30,29,20,29,26,21
1519794000,130,57,28,21,28,25,312,20,29,21,28,22,29,23
1519797600,16,67,23,26,21,23,132,24,29,26,20,29,20,16
1519801200,184,165,23,22,21,30,328,28,23,20,30,24,27,14
1519804800,91,97,21,20,29,21,293,28,29,27,21,24,22,23
1519808400,8,34,28,30,22,22,100,25,23,21,30,27,30,19
1519812000,102,90,29,30,22,20,212,24,26,21,28,22,21,13
1519815600,155,69,23,23,29,27,373,21,27,28,21,29,22,10
1519819200,46,196,21,24,24,22,328,20,22,21,25,22,29,24
1519822800,40,53,24,27,23,30,352,29,22,26,28,27,29,11
1519826400,183,99,29,24,22,22,438,30,27,28,30,28,22,15
1519830000,46,17,25,24,30,30,116,24,27,25,20,25,20,22
1519833600,22,44,29,21,26,23,171,23,29,25,23,22,25,20
1519837200,190,27,28,28,26,23,307,22,28,28,23,20,20,12
1519840800,149,144,20,20,29,30,125,26,25,27,24,26,27,15
1519844400,61,78,26,29,28,21,184,28,26,21,27,23,29,18
1519848000,200,125,30,22,21,20,411,30,28,25,26,20,29,18
1519851600,79,174,22,23,30,30,169,27,23,24,30,25,25,21
1519855200,114,147,27,23,20,25,431,24,21,26,28,27,21,24
1519858800,68,35,20,28,29,22,126,29,21,29,26,30,27,15
1519862400,83,171,22,24,28,22,446,28,30,30,25,26,29,14
1519866000,30,111,27,30,29,20,187,25,20,29,21,29,20,20
1519869600,58,196,29,22,22,30,235,24,29,23,25,27,27,23
1519873200,63,101,21,23,23,25,458,26,28,30,28,23,21,21
1519876800,127,34,23,27,30,25,175,29,30,29,25,28,25,23
1519880400,41,23,30,24,24,23,334,25,25,20,29,30,21,22
1519884000,20,15,30,27,29,25,301,20,21,27,24,22,21,25
1519887600,146,165,20,21,21,28,446,29,26,25,25,23,22,20
1519891200,117,173,25,28,23,26,453,27,20,20,23,25,22,15
1519894800,128,84,24,24,27,23,486,27,22,22,24,23,23,15
1519898400,30,36,22,21,24,29,124,27,24,22,29,30,27,20
1519902000,139,142,20,25,27,28,219,25,24,25,29,26,28,16
1519905600,126,63,27,20,29,27,208,27,22,21,26,28,25,22
1519909200,55,11,26,23,30,21,306,26,24,26,23,26,28,11
1519912800,172,73,22,25,21,30,332,27,25,29,29,27,27,24
1519916400,100,173,23,30,21,29,133,30,26,26,23,21,29,14
1519920000,153,155,30,24,28,21,325,30,23,27,30,29,22,15
1519923600,147,80,25,26,29,28,204,27,28,30,26,28,26,16
1519927200,147,22,23,26,21,28,442,23,29,20,23,30,23,19
1519930800,189,185,21,23,26,30,244,28,29,26,22,20,24,12
1519934400,42,1,23,20,24,20,368,29,21,23,22,21,27,15
1519938000,195,8,22,25,21,29,229,21,26,21,21,28,28,17
1519941600,101,159,25,23,22,22,380,24,23,20,21,30,28,20
1519945200,38,197,30,22,23,24,482,25,28,26,20,20,30,23
1519948800,15,132,21,30,30,21,327,27,28,25,25,21,24,14
1519952400,117,165,22,26,30,28,267,22,30,27,23,30,27,15
1519956000,55,180,21,20,21,29,400,24,26,29,25,26,22,14
1519959600,56,146,29,26,24,25,278,25,20,26,28,26,22,14
1519963200,72,153,21,26,24,21,241,22,21,27,27,22,21,14
1519966800,131,80,22,24,26,22,410,23,22,26,30,29,28,19
1519970400,90,80,26,23,26,24,259,28,28,21,24,26,20,10
1519974000,133,149,24,25,30,21,111,20,30,28,21,23,25,19
1519977600,166,31,27,20,30,20,305,25,30,24,27,24,23,25
1519981200,175,57,28,27,21,21,139,27,25,30,30,28,29,15
1519984800,187,195,26,21,20,28,194,25,22,27,30,23,24,21
1519988400,116,187,23,25,29,29,274,20,25,24,25,27,26,17
1519992000,69,110,25,23,25,22,195,26,29,20,20,20,20,19
1519995600,127,47,29,30,21,24,106,22,29,22,22,28,24,24
1519999200,81,25,29,28,25,28,436,23,28,24,23,30,25,25
1520002800,52,54,30,29,24,26,443,30,21,29,26,27,28,13
1520006400,51,15,26,29,23,24,473,29,25,27,28,27,27,10
1520010000,178,168,20,25,30,30,226,22,23,26,21,30,24,13
1520013600,65,160,30,28,22,29,375,26,24,20,26,22,28,10
1520017200,111,70,23,21,29,25,311,24,21,28,26,30,22,16
1520020800,54,53,30,29,23,27,404,26,29,26,24,23,29,20
1520024400,108,54,27,25,20,24,406,29,22,24,29,22,23,18
1520028000,98,141,28,29,30,26,110,23,21,22,28,26,24,11
1520031600,95,67,28,21,20,21,309,29,22,21,21,26,24,11
1520035200,196,67,22,21,25,27,376,21,23,20,29,21,25,12
1520038800,95,69,28,27,23,20,393,30,28,20,30,23,20,17
1520042400,35,7,27,21,28,20,472,20,21,21,28,25,27,20
1520046000,80,103,24,28,29,26,417,26,29,21,22,29,29,18
1520049600,185,152,24,21,29,22,215,26,22,29,23,28,22,13
1520053200,65,28,24,24,25,29,193,25,26,28,23,30,27,24
1520056800,119,153,29,28,26,25,470,24,25,29,27,28,29,18
1520060400,43,79,23,20,23,22,470,27,23,28,26,28,25,20
1520064000,184,180,30,29,25,22,475,25,30,23,24,27,24,17
1520067600,103,59,27,22,21,23,432,28,25,26,20,24,22,22
1520071200,175,150,25,29,30,20,179,22,24,26,29,28,25,19
1520074800,166,53,23,25,20,26,125,28,30,22,24,23,22,21
1520078400,57,119,25,26,22,27,429,30,29,25,24,20,22,22
1520082000,95,146,20,23,28,30,288,24,23,23,26,29,21,21
1520085600,195,0,25,28,23,24,418,27,20,20,28,27,30,18
1520089200,160,165,21,21,26,20,478,27,30,25,27,29,29,15
1520092800,184,4,28,28,28,22,128,24,29,20,21,28,26,22
1520096400,171,138,27,26,25,23,369,25,30,22,25,20,27,20
1520100000,89,13,21,29,28,23,370,29,30,23,24,28,20,21
1520103600,114,51,24,23,26,23,490,20,22,29,23,22,30,12
1520107200,134,67,20,21,26,20,245,22,29,24,24,25,28,18
1520110800,72,97,27,25,21,30,182,27,27,20,26,21,22,19
1520114400,83,48,20,21,30,26,106,30,22,28,26,25,29,21
1520118000,166,94,21,23,25,21,168,26,22,24,29,23,23,11
1520121600,156,148,24,23,27,21,450,25,23,30,29,25,29,25
1520125200,60,157,24,25,20,26,413,26,24,27,20,30,22,13
1520128800,53,87,26,22,30,29,241,23,23,29,22,21,29,22
1520132400,20,114,23,28,20,29,207,25,27,27,29,23,27,13
1520136000,126,165,30,27,28,28,307,30,22,27,20,20,30,17
1520139600,105,66,23,29,30,22,143,21,29,28,20,21,29,12
1520143200,110,45,20,27,23,23,244,29,20,26,26,20,23,11
1520146800,36,127,20,28,27,30,465,30,25,20,26,29,22,25
1520150400,137,95,21,29,29,21,482,28,27,28,27,20,30,19
1520154000,149,85,21,25,30,27,168,22,23,25,27,23,22,24
1520157600,153,157,24,20,22,29,125,30,23,25,23,29,30,20
1520161200,122,108,27,22,22,21,392,28,26,20,26,28,20,17
1520164800,97,33,30,21,23,29,423,21,30,25,27,24,29,21
1520168400,47,148,29,21,26,26,169,20,25,22,25,24,20,19
1520172000,178,39,29,23,22,23,381,24,25,24,22,27,21,20
1520175600,105,27,23,24,30,23,209,27,20,20,26,26,22,24
1520179200,173,163,26,27,29,26,408,22,26,28,30,21,25,19
1520182800,178,86,23,30,20,30,357,21,24,30,23,28,28,17
1520186400,1,141,30,22,22,21,415,27,20,23,20,24,21,10
1520190000,9,81,21,20,26,23,318,29,29,26,25,25,30,17
1520193600,110,100,27,21,29,22,164,25,23,22,26,27,26,18
1520197200,171,127,22,29,24,28,173,20,28,28,21,25,30,21
1520200800,181,75,20,29,22,28,187,29,22,24,21,25,20,13
1520204400,149,97,30,23,28,24,452,22,25,28,21,25,24,25
1520208000,115,39,24,21,23,28,266,30,30,29,22,20,29,25
1520211600,37,59,24,22,22,24,414,28,24,22,23,26,25,24
1520215200,22,47,20,20,29,28,240,28,20,21,21,28,28,23
1520218800,160,23,27,30,24,29,462,20,21,28,29,26,25,19
1520222400,11,105,22,21,28,24,398,28,30,27,23,25,25,15
1520226000,126,133,20,28,29,22,328,20,23,28,22,20,23,18
1520229600,89,200,25,26,27,21,183,21,30,22,24,22,23,22
1520233200,80,176,28,22,27,29,408,25,20,26,29,20,24,12
1520236800,156,77,24,28,22,29,472,28,24,25,21,30,22,25
1520240400,169,78,23,29,20,24,143,24,24,21,21,20,25,25
1520244000,112,149,23,21,20,22,254,23,20,30,23,25,30,23
1520247600,43,74,30,25,25,29,468,22,22,20,21,21,24,25
1520251200,69,58,22,25,26,30,366,24,28,26,28,24,27,10
1520254800,3,129,22,25,21,28,104,30,29,30,22,29,28,20
1520258400,78,96,25,26,20,20,233,23,22,28,28,20,27,10
1520262000,157,109,28,30,28,21,348,25,20,23,30,20,28,23
1520265600,154,151,23,22,22,23,282,21,21,28,23,23,23,20
1520269200,100,157,30,20,22,30,432,29,23,26,21,22,20,21
1520272800,76,174,23,23,29,21,248,26,20,24,25,25,27,21
1520276400,51,156,30,30,28,25,349,20,28,20,24,20,23,20
1520280000,116,120,29,27,20,23,193,20,28,23,26,28,23,13
1520283600,106,84,20,30,30,20,127,21,22,22,25,20,21,12
1520287200,9,199,24,26,28,21,174,24,25,24,24,20,24,22
1520290800,194,173,22,29,23,20,431,29,22,25,25,23,20,14
1520294400,126,131,22,28,24,25,219,30,30,20,26,30,26,19
1520298000,28,81,25,27,28,28,317,27,24,23,26,21,26,12
1520301600,176,4,29,23,24,26,473,22,25,24,25,23,30,11
1520305200,54,149,20,28,28,30,311,25,25,21,28,22,20,10
1520308800,86,125,25,21,20,27,339,30,28,26,21,23,24,24
1520312400,134,35,26,26,27,23,250,30,22,22,22,29,25,22
1520316000,65,39,24,29,25,26,387,25,26,22,26,28,30,18
1520319600,3,93,28,30,29,23,115,23,28,20,25,30,21,15
1520323200,199,150,23,25,25,23,219,27,23,21,27,25,27,24
1520326800,14,31,21,22,22,30,182,22,24,24,25,25,30,11
1520330400,23,25,23,24,21,27,279,29,30,24,24,20,22,25
1520334000,146,43,26,20,29,27,418,28,30,20,21,20,21,17
1520337600,59,180,22,24,27,28,482,21,20,28,24,30,30,15
1520341200,61,43,24,26,30,30,257,28,30,24,21,26,22,10
1520344800,77,152,22,22,23,23,160,24,28,22,28,20,20,20
1520348400,89,61,24,25,24,29,225,26,20,30,27,24,26,18
1520352000,44,120,30,27,21,24,391,28,29,25,24,23,22,18
1520355600,178,156,29,22,21,25,155,26,24,23,21,23,22,14
1520359200,89,134,21,20,20,26,131,20,20,21,22,20,30,25
1520362800,43,134,24,29,22,23,410,23,23,21,24,30,29,10
1520366400,168,30,30,22,21,30,269,24,24,21,26,24,21,23
1520370000,38,200,29,28,24,22,480,21,26,26,28,21,29,23
1520373600,156,79,29,28,30,21,483,27,26,25,27,23,28,15
1520377200,59,8,23,26,25,24,467,27,27,27,25,28,30,24
1520380800,53,16,30,30,25,28,480,28,22,25,24,24,21,24
1520384400,41,176,21,26,27,26,345,21,21,20,21,28,20,24
1520388000,87,152,20,27,30,20,464,27,27,29,22,25,22,11
1520391600,19,16,21,26,29,21,333,29,27,29,21,27,25,25
1520395200,168,113,22,25,22,28,235,29,28,27,26,28,28,23
1520398800,122,42,29,22,28,25,496,23,30,22,29,20,24,20
1520402400,89,67,25,22,29,29,480,30,25,20,25,28,23,12
1520406000,8,132,26,26,23,21,357,24,29,29,28,28,22,21
1520409600,144,183,22,27,23,20,102,22,21,25,29,24,23,16
1520413200,65,37,21,20,28,26,129,25,28,22,26,23,28,23
1520416800,103,187,28,28,25,23,239,25,26,26,20,23,24,23
1520420400,121,17,20,29,20,21,434,24,25,20,26,22,27,13
1520424000,52,31,28,26,26,23,495,27,21,20,20,30,24,15
1520427600,109,10,26,20,21,24,440,25,27,30,25,22,29,16
1520431200,88,157,28,20,29,28,282,28,27,26,24,21,24,24
1520434800,105,73,27,22,28,23,458,20,27,25,26,25,22,15
1520438400,83,184,26,26,24,27,464,28,20,22,28,28,25,12
1520442000,37,180,30,27,23,20,347,21,21,20,23,29,26,20
1520445600,23,7,30,24,28,30,215,29,27,24,24,21,24,18
1520449200,152,38,21,21,20,25,240,23,26,22,25,27,20,21
1520452800,153,146,20,28,26,26,371,29,24,23,20,29,23,20
1520456400,0,12,28,26,22,30,261,25,22,23,21,30,22,20
1520460000,136,129,25,29,25,21,291,28,21,27,30,22,22,16
1520463600,85,97,26,20,20,24,481,20,25,27,28,30,21,24
1520467200,149,129,30,28,21,27,425,20,22,20,23,22,30,17
1520470800,30,199,30,24,26,23,303,30,25,23,25,22,20,17
1520474400,83,56,29,29,26,30,219,20,26,22,22,26,20,11
1520478000,32,154,24,23,22,27,223,29,28,29,20,20,30,13
1520481600,17,99,26,26,25,27,184,25,21,22,24,21,20,18
1520485200,145,23,26,22,28,27,158,27,25,23,21,30,28,11
1520488800,63,92,26,27,27,29,244,23,27,22,21,22,20,25
1520492400,131,129,26,20,27,21,409,28,25,21,30,27,28,13
1520496000,165,4,27,21,29,29,468,27,29,27,30,24,22,23
1520499600,174,165,28,30,23,23,197,20,23,27,21,20,23,22
1520503200,159,148,22,28,21,23,133,30,29,26,27,25,25,25
1520506800,46,96,25,27,25,22,378,20,29,29,28,30,27,24
1520510400,61,139,28,26,22,22,286,29,27,24,28,30,29,17
1520514000,157,8,27,25,21,23,285,23,29,30,30,27,22,25
1520517600,52,95,23,22,23,25,498,21,22,25,21,22,27,20
1520521200,37,13,23,23,20,23,156,24,30,22,29,24,24,10
1520524800,76,181,20,27,23,25,424,20,20,23,24,28,22,21
1520528400,127,36,30,23,20,30,385,21,21,30,21,29,25,21
1520532000,101,114,23,26,24,28,459,27,28,25,23,26,26,16
1520535600,88,24,21,30,25,22,424,29,22,28,20,23,24,12
1520539200,102,160,28,25,20,27,418,24,24,25,28,22,29,13
1520542800,195,80,21,21,22,28,344,24,22,21,29,30,20,13
1520546400,106,84,28,20,20,26,263,25,26,24,21,26,25,22
1520550000,124,181,29,23,24,22,353,20,28,24,22,28,22,11
1520553600,160,77,27,30,24,22,485,22,30,22,25,21,24,21
1520557200,24,74,25,24,26,26,209,24,26,21,22,28,28,22
1520560800,8,86,29,27,22,24,111,25,27,27,30,23,20,23
1520564400,9,199,28,27,29,25,319,26,29,20,23,24,29,12
1520568000,22,160,28,21,20,22,482,20,26,27,27,28,24,15
1520571600,96,170,20,26,26,23,270,22,30,24,30,29,30,15
1520575200,168,170,27,27,21,23,104,23,28,23,24,22,24,18
1520578800,160,4,21,23,23,22,138,21,23,20,24,21,26,13
1520582400,24,29,28,21,27,27,225,20,30,30,22,26,25,10
1520586000,49,49,30,21,22,24,248,22,27,27,24,30,20,17
1520589600,98,8,25,22,23,28,223,30,26,29,29,23,28,25
1520593200,176,188,29,23,23,27,104,29,21,27,22,26,23,19
1520596800,132,166,21,21,30,26,137,26,24,29,21,25,24,17
1520600400,108,46,23,29,26,26,167,29,20,27,24,20,21,20
1520604000,175,15,27,20,26,29,310,22,27,20,25,30,22,18
1520607600,0,128,22,26,25,29,224,21,20,27,24,20,29,16
1520611200,109,106,24,24,20,30,272,28,21,20,24,27,26,21
1520614800,82,197,22,26,25,21,147,24,30,20,25,27,20,18
1520618400,77,173,22,21,22,24,315,28,21,22,25,23,27,14
1520622000,192,164,21,25,26,22,242,20,24,27,21,29,26,13
1520625600,77,101,22,25,20,21,347,28,24,23,29,26,27,12
1520629200,124,157,25,21,22,30,314,22,30,25,26,27,26,12
1520632800,124,119,28,28,25,21,418,26,23,26,22,20,30,14
1520636400,51,33,20,27,22,27,362,22,21,29,30,23,29,18
1520640000,17,141,22,22,20,21,261,29,27,26,21,25,28,23
1520643600,90,92,21,27,20,25,391,29,25,28,26,30,28,16
1520647200,22,62,26,24,24,20,487,30,21,25,26,30,26,16
1520650800,42,52,28,23,20,29,386,26,29,23,22,26,29,15
1520654400,149,166,20,20,27,26,369,20,28,20,26,27,29,15
1520658000,155,112,27,30,23,25,214,28,26,20,29,29,23,10
1520661600,121,18,24,28,21,22,438,28,24,28,21,27,27,15
1520665200,131,66,27,29,22,23,141,20,20,25,21,25,29,21
1520668800,144,13,30,29,21,20,287,24,21,27,22,27,27,15
1520672400,173,114,28,23,30,21,455,27,26,23,21,28,21,24
1520676000,42,144,29,20,20,20,135,29,21,27,30,23,22,11
1520679600,63,63,21,30,22,23,150,28,30,24,24,22,20,15
1520683200,184,29,21,21,29,24,111,20,22,28,20,25,21,23
1520686800,130,74,23,22,23,25,256,24,28,21,30,29,20,18
1520690400,22,93,29,23,26,21,127,28,26,21,20,29,23,20
1520694000,121,121,23,26,30,30,344,28,22,25,24,27,26,22
1520697600,39,41,29,26,21,22,286,27,30,29,26,25,29,23
1520701200,151,153,21,25,23,27,363,28,22,27,27,20,21,21
1520704800,127,18,22,27,26,26,410,26,27,24,21,26,25,24
1520708400,200,156,26,29,22,21,337,22,20,27,23,29,27,17
1520712000,189,30,20,20,20,29,153,24,21,23,20,29,21,12
1520715600,179,167,27,22,22,20,419,23,22,21,23,22,27,17
1520719200,1,77,30,30,20,27,404,21,29,28,24,25,26,23
1520722800,38,120,29,25,30,20,289,21,26,30,23,23,30,15
1520726400,183,144,30,22,20,24,490,22,28,22,29,24,27,21
1520730000,36,110,26,27,26,30,414,27,27,27,28,20,24,25
1520733600,6,188,26,30,30,25,156,23,30,23,20,27,25,24
1520737200,197,101,23,25,30,23,427,24,21,28,24,27,28,11
1520740800,109,92,29,25,24,27,119,22,22,22,30,24,30,15
1520744400,114,83,30,20,24,29,144,26,21,25,23,27,24,18
1520748000,26,198,30,30,20,21,302,30,29,26,26,29,30,16
1520751600,16,30,24,20,29,24,493,22,25,22,25,21,21,14
1520755200,181,122,24,20,28,27,269,27,26,22,23,26,28,12
1520758800,180,47,21,22,23,28,140,29,29,22,30,24,22,23
1520762401,47,75,21,27,21,26,195,28,23,28,22,27,22,13
1520766001,160,125,21,29,20,23,246,21,23,27,25,27,29,10
1520769602,197,90,24,28,30,27,174,21,23,26,29,20,30,19
1520773202,7,153,25,22,26,20,359,28,30,30,20,25,29,19
1520776803,130,89,26,24,20,28,423,28,20,20,25,23,23,12
1520780403,125,4,21,23,23,27,455,23,23,26,22,25,24,23
1520784004,87,37,29,20,20,26,482,21,26,29,25,23,29,14
1520787604,119,41,20,28,25,21,170,29,29,24,26,30,26,24
1520791205,198,19,21,29,29,24,267,21,22,29,21,21,29,19
1520794805,42,87,28,23,22,29,114,24,28,26,24,26,24,24
1520798406,6,177,29,21,23,21,271,25,26,29,20,29,20,25
1520802006,189,122,23,22,23,29,291,29,21,25,29,24,26,21
1520805607,44,73,27,25,29,25,480,21,20,29,25,22,26,14
1520809207,81,15,20,22,28,30,274,20,21,24,21,26,24,15
1520812800,145,128,25,24,23,20,470,28,23,24,24,27,28,11
1520816400,131,41,20,25,28,24,373,25,24,26,27,22,21,14
1520820000,15,108,28,26,24,24,453,29,27,21,20,25,20,17
1520823600,35,108,28,22,24,26,438,22,26,22,28,28,21,17
1520827200,66,151,28,25,27,26,374,26,20,20,22,24,20,25
1520830800,75,26,22,22,30,21,330,28,30,29,24,23,21,17
1520834400,126,185,30,23,28,24,419,30,27,28,21,27,29,11
1520838000,142,160,29,29,24,30,133,30,27,23,25,30,26,17
1520841600,188,130,21,30,21,22,410,20,23,24,24,22,20,16
1520845200,41,77,20,30,20,22,452,23,26,28,20,29,22,19
1520848800,105,29,27,21,27,27,424,24,29,27,22,25,28,23
1520852400,157,88,27,26,29,27,429,27,22,29,29,30,28,18
1520856000,98,180,25,27,30,23,222,20,30,29,20,20,27,20
1520859600,43,69,26,20,30,26,277,22,26,21,29,28,27,15
1520863200,166,55,23,30,26,23,221,24,29,25,30,24,26,12
1520866800,83,110,26,28,27,30,353,30,30,30,29,30,23,19
1520870400,17,109,27,30,25,29,305,27,27,21,22,21,20,24
1520874000,12,165,29,30,22,23,133,24,20,22,22,21,21,23
1520877600,139,178,25,25,26,25,369,20,28,25,27,28,26,23
1520881200,182,181,26,26,22,22,262,27,29,24,20,24,28,23
1520884800,59,193,27,24,25,28,134,30,26,27,23,21,22,21
1520888400,156,160,28,20,23,29,311,27,28,21,20,24,22,19
1520892000,189,123,25,22,25,25,357,24,20,25,29,26,30,13
1520895600,25,137,27,29,30,29,500,30,25,23,21,21,30,13
1520899200,35,193,29,30,28,30,257,23,21,24,22,25,27,10
1520902800,9,191,23,27,23,20,266,29,23,23,25,25,23,16
1520906400,60,36,29,25,25,26,131,29,27,28,28,25,30,18
1520910000,114,16,30,28,26,29,320,22,21,24,22,23,22,21
1520913600,158,49,24,25,30,21,183,20,29,30,29,21,29,18
1520917200,17,52,26,26,23,29,219,26,30,29,22,25,25,11
1520920800,102,149,27,24,23,23,307,30,25,29,24,26,20,13
1520924400,85,8,21,27,24,29,330,24,23,30,27,23,21,23
1520928000,94,187,29,27,26,24,137,23,25,28,25,27,23,17
1520931600,116,20,25,22,24,20,343,21,28,22,26,22,25,18
1520935200,8,9,24,21,30,24,495,21,25,25,22,28,29,10
1520938800,193,26,27,20,29,29,315,30,25,22,20,25,21,14
1520942400,116,3,23,25,30,30,197,23,25,21,22,29,26,24
1520946000,6,37,27,30,23,25,103,22,24,23,25,24,28,11
1520949600,172,130,23,26,26,28,153,30,25,28,29,21,20,10
1520953200,166,113,24,26,30,29,369,23,22,25,24,29,20,11
1520956800,154,38,28,24,21,20,291,27,23,28,21,24,29,14
1520960400,102,83,20,24,20,24,264,25,26,29,29,20,25,18
1520964000,172,198,28,20,30,25,180,26,24,29,26,29,29,23
1520967600,143,34,30,21,26,30,211,22,22,22,23,27,26,20
1520971200,158,28,24,23,26,21,292,21,24,25,30,23,21,22
1520974800,134,182,28,21,28,26,245,28,22,20,25,27,25,19
1520978400,126,60,24,28,28,24,196,22,25,23,23,24,22,17
1520982000,157,59,25,22,30,27,185,20,29,23,20,25,27,15
1520985600,173,59,20,24,28,25,133,27,25,20,25,30,23,23
1520989200,159,136,24,29,28,20,412,26,22,26,20,26,25,12
1520992800,46,27,26,28,29,25,242,22,23,20,29,24,29,15
1520996400,53,184,28,30,28,22,271,29,21,27,29,23,22,11
1521000000,86,158,20,24,26,30,200,30,20,26,24,20,25,18
1521003600,124,136,22,23,21,27,267,28,26,23,24,28,28,23
1521007200,21,135,27,26,24,27,354,29,22,27,23,22,23,16
1521010800,62,128,29,25,29,24,395,27,29,21,22,30,26,23
1521014400,76,41,20,22,21,21,228,20,30,24,29,27,25,16
1521018000,184,5,20,30,20,24,239,28,29,25,20,29,27,15
1521021600,52,185,28,30,30,27,157,20,26,21,25,20,27,15
1521025200,138,90,21,23,24,29,499,28,21,28,21,28,25,23
1521028800,28,90,20,20,27,24,323,20,25,28,22,22,20,14
1521032400,96,46,28,29,27,20,268,29,30,21,24,27,27,19
1521036000,15,102,25,25,21,22,238,30,30,24,29,25,26,10
1521039600,104,136,25,27,20,29,309,27,20,25,22,23,30,24
1521043200,165,86,23,29,22,22,139,29,28,20,24,30,21,21
1521046800,47,190,26,27,21,27,292,26,27,24,30,30,24,20
1521050400,166,38,28,29,22,24,369,21,28,28,29,23,26,22
1521054000,172,101,30,22,24,30,104,28,29,27,26,24,26,20
1521057600,171,69,22,21,27,20,126,24,29,20,26,20,22,19
1521061200,155,167,25,20,24,29,321,26,23,24,30,23,20,10
1521064800,140,173,27,30,21,29,423,26,29,24,29,22,25,25
1521068400,184,119,20,29,20,26,348,30,29,25,28,23,21,20
1521072000,14,90,30,26,25,20,436,29,21,20,27,22,25,24
1521075600,41,70,20,22,24,26,425,29,22,21,24,23,23,21
1521079200,41,33,20,22,24,30,153,29,28,21,21,21,25,18
1521082800,74,112,20,21,28,30,244,29,27,23,30,20,23,23
1521086400,18,71,21,29,29,26,153,28,21,24,27,27,24,23
1521090000,8,13,30,27,29,20,121,27,24,25,26,20,26,13
1521093600,116,146,21,24,26,20,269,22,24,25,24,25,22,15
1521097200,2,95,30,29,23,25,273,24,23,27,22,20,25,11
1521100800,177,96,29,21,24,27,192,26,26,27,30,26,29,22
1521104400,194,85,28,30,23,30,371,20,24,20,20,22,24,20
1521108000,52,54,25,27,29,28,488,26,23,30,24,25,21,15
1521111600,7,84,24,25,30,29,171,28,27,21,29,20,22,14
1521115200,179,15,24,20,27,28,403,25,23,22,25,20,29,22
1521118800,153,73,29,24,30,30,199,23,28,22,26,29,24,23
1521122400,15,173,29,30,25,20,407,24,28,21,23,20,30,21
1521126000,118,55,25,23,30,25,171,28,20,26,28,30,28,11
1521129600,56,118,20,28,22,29,451,30,21,27,21,24,20,24
1521133200,16,141,22,28,28,22,363,21,24,25,24,26,24,19
1521136800,30,86,24,30,28,30,146,23,22,21,21,21,23,15
1521140400,51,85,23,29,24,28,174,23,25,26,27,25,22,11
1521144000,2,197,20,22,27,26,411,21,26,25,26,26,25,20
1521147600,121,100,20,27,22,24,142,25,23,26,28,21,21,19
1521151200,24,14,25,22,23,29,433,26,24,23,30,23,22,12
1521154800,120,65,24,29,30,25,292,30,27,29,21,26,30,20
1521158400,190,96,27,26,23,28,339,26,23,26,22,22,20,19
1521162000,149,52,30,26,23,30,345,29,22,26,30,24,22,12
1521165600,98,30,20,29,22,20,356,24,21,22,25,29,25,23
1521169200,41,124,20,22,27,29,354,21,25,22,20,21,28,16
1521172800,165,86,25,28,22,29,166,20,26,21,21,27,23,14
1521176401,32,52,23,23,29,26,191,21,22,20,26,29,29,20
1521180001,80,107,26,25,22,25,413,23,26,25,25,30,21,22
1521183602,184,102,26,21,26,22,400,25,20,25,20,26,21,20
1521187202,127,91,28,28,23,24,234,21,20,21,24,21,24,23
1521190803,190,40,27,21,20,21,128,23,30,24,25,20,25,12
1521194403,155,134,21,20,25,30,293,23,27,25,24,26,21,13
1521198004,176,118,26,26,23,24,203,22,24,20,22,29,24,12
1521201604,30,157,28,26,28,25,471,30,21,23,26,26,20,11
1521205205,92,134,21,27,22,20,310,20,25,22,26,25,30,20
1521208805,15,28,23,21,21,24,204,21,28,21,30,21,27,13
1521212406,141,135,22,22,27,26,124,25,30,25,29,22,27,18
1521216006,105,114,27,27,27,20,414,22,20,28,23,27,20,22
1521219607,38,79,30,26,25,30,292,27,22,24,20,23,30,18
1521223207,114,17,21,20,25,30,442,24,25,20,20,28,29,20
1521226808,87,75,29,24,27,27,373,22,26,24,26,22,20,15
1521230408,89,73,28,24,23,20,319,26,26,26,26,26,23,12
1521234009,147,179,20,27,28,29,483,29,30,28,26,26,25,13
1521237609,35,1,25,25,30,24,419,26,24,22,28,22,29,12
1521241210,129,13,23,28,25,26,223,25,22,26,26,20,28,22
1521244810,190,82,22,23,27,29,453,22,23,23,26,24,30,25
1521248411,102,143,20,25,20,25,122,20,24,22,29,20,24,25
1521252011,185,67,20,27,28,22,404,26,29,24,24,24,30,17
1521255612,13,56,20,23,24,22,289,24,26,23,30,26,28,23
1521259212,93,95,29,20,22,20,148,30,30,29,26,25,30,10
1521262813,26,50,29,20,21,26,424,30,24,24,22,28,20,22
1521266413,54,186,25,25,28,30,125,24,30,21,23,29,23,22
1521270014,46,0,25,26,22,26,112,29,20,23,22,22,26,22
1521273614,92,155,25,23,20,25,498,27,30,27,26,26,27,16
1521277215,162,61,26,21,28,28,167,23,25,29,24,22,25,24
1521280815,194,49,26,23,27,29,152,30,30,22,30,27,30,13
1521284416,157,5,27,27,20,21,217,29,30,29,28,22,30,22
1521288016,135,3,26,26,26,28,172,21,23,28,27,20,30,25
1521291617,159,132,28,30,30,26,477,26,23,28,23,25,24,25
1521295217,76,146,28,28,22,21,368,24,22,24,29,28,29,10
1521298818,178,196,24,20,25,20,134,30,26,24,27,25,25,22
1521302418,84,104,30,28,29,23,217,24,30,23,24,28,28,18
1521306019,136,56,20,20,28,22,417,22,20,25,21,20,28,18
1521309619,89,10,28,22,25,23,314,24,24,25,27,29,21,14
1521313220,21,98,24,21,27,28,145,23,24,30,28,23,23,19
1521316820,125,188,27,30,28,21,329,24,24,26,23,24,29,14
1521320421,183,3,22,21,26,24,412,20,21,24,25,27,22,18
1521324021,90,68,26,30,29,30,489,27,29,21,23,25,26,14
1521327622,174,11,20,20,28,29,410,22,25,26,21,24,21,23
1521331222,58,7,30,30,30,29,116,30,26,23,29,26,21,18
1521334823,141,114,23,24,27,25,110,24,30,25,28,25,22,16
1521338423,44,185,26,23,27,20,463,27,29,27,26,29,21,19
1521342024,78,21,26,22,21,27,217,30,29,27,26,20,24,14
1521345624,93,98,27,29,21,22,268,26,27,27,25,20,25,25
1521349225,142,71,28,23,22,23,456,30,22,20,26,23,21,18
1521352825,56,115,29,24,29,25,172,21,22,21,25,28,21,17
1521356425,150,60,20,20,21,28,146,21,20,26,20,29,20,25
1521360026,198,145,29,27,21,28,195,28,27,26,20,27,25,18
1521363626,140,164,25,26,24,30,349,28,20,23,29,27,26,14
1521367227,47,28,20,27,30,27,468,20,22,29,27,20,22,11
1521370827,182,157,22,21,26,22,440,27,22,28,26,20,28,12
1521374428,11,85,29,26,28,30,202,29,21,30,29,20,30,21
1521378028,162,173,20,20,20,27,407,21,23,26,25,22,25,20
1521381629,48,62,27,28,30,24,489,20,20,21,21,20,21,12
1521385229,1,92,21,26,27,23,178,30,24,26,21,23,24,18
1521388830,167,174,26,28,24,21,417,22,28,26,28,20,30,21
1521392430,151,59,20,20,27,28,338,29,22,26,25,29,21,11
1521396031,0,109,27,27,21,23,443,25,26,30,26,20,28,23
1521399631,169,44,30,30,26,24,174,26,24,23,24,28,20,10
1521403232,17,92,25,28,23,30,397,20,25,25,25,24,29,15
1521406832,179,129,22,28,21,20,429,26,27,21,22,30,26,22
1521410433,37,99,25,25,23,29,455,20,21,29,20,20,30,11
1521414033,58,78,23,22,21,23,275,20,30,30,22,25,26,12
